Copyright 1986-2020 Xilinx, Inc. All Rights Reserved.
---------------------------------------------------------------------------------------------
| Tool Version : Vivado v.2020.2 (win64) Build 3064766 Wed Nov 18 09:12:45 MST 2020
| Date         : Mon Apr 13 03:54:22 2026
| Host         : Azat running 64-bit major release  (build 9200)
| Command      : report_control_sets -verbose -file design_1_wrapper_control_sets_placed.rpt
| Design       : design_1_wrapper
| Device       : xc7z020
---------------------------------------------------------------------------------------------

Control Set Information

Table of Contents
-----------------
1. Summary
2. Histogram
3. Flip-Flop Distribution
4. Detailed Control Set Information

1. Summary
----------

+----------------------------------------------------------+-------+
|                          Status                          | Count |
+----------------------------------------------------------+-------+
| Total control sets                                       |   340 |
|    Minimum number of control sets                        |   340 |
|    Addition due to synthesis replication                 |     0 |
|    Addition due to physical synthesis replication        |     0 |
| Unused register locations in slices containing registers |   746 |
+----------------------------------------------------------+-------+
* Control sets can be merged at opt_design using control_set_merge or merge_equivalent_drivers
** Run report_qor_suggestions for automated merging and remapping suggestions


2. Histogram
------------

+--------------------+-------+
|       Fanout       | Count |
+--------------------+-------+
| Total control sets |   340 |
| >= 0 to < 4        |     2 |
| >= 4 to < 6        |    81 |
| >= 6 to < 8        |    25 |
| >= 8 to < 10       |    73 |
| >= 10 to < 12      |     2 |
| >= 12 to < 14      |     6 |
| >= 14 to < 16      |    29 |
| >= 16              |   122 |
+--------------------+-------+
* Control sets can be remapped at either synth_design or opt_design


3. Flip-Flop Distribution
-------------------------

+--------------+-----------------------+------------------------+-----------------+--------------+
| Clock Enable | Synchronous Set/Reset | Asynchronous Set/Reset | Total Registers | Total Slices |
+--------------+-----------------------+------------------------+-----------------+--------------+
| No           | No                    | No                     |             547 |          274 |
| No           | No                    | Yes                    |               0 |            0 |
| No           | Yes                   | No                     |            1538 |          421 |
| Yes          | No                    | No                     |            1405 |          290 |
| Yes          | No                    | Yes                    |               0 |            0 |
| Yes          | Yes                   | No                     |            1812 |          569 |
+--------------+-----------------------+------------------------+-----------------+--------------+


4. Detailed Control Set Information
-----------------------------------

+-------------------------------------------------+------------------------------------------------------------------------------------------------------------------------------------------------------------------+---------------------------------------------------------------------------------------------------------------------------------------------------------+------------------+----------------+--------------+
|                   Clock Signal                  |                                                                           Enable Signal                                                                          |                                                                     Set/Reset Signal                                                                    | Slice Load Count | Bel Load Count | Bels / Slice |
+-------------------------------------------------+------------------------------------------------------------------------------------------------------------------------------------------------------------------+---------------------------------------------------------------------------------------------------------------------------------------------------------+------------------+----------------+--------------+
|  design_1_i/processing_system7_0/inst/FCLK_CLK0 | design_1_i/axi_interconnect_0/s00_couplers/auto_pc/inst/gen_axilite.gen_b2s_conv.axilite_b2s/WR.aw_channel_0/aw_cmd_fsm_0/FSM_sequential_state_reg[0]_1          | design_1_i/axi_interconnect_0/s00_couplers/auto_pc/inst/gen_axilite.gen_b2s_conv.axilite_b2s/WR.aw_channel_0/aw_cmd_fsm_0/FSM_sequential_state_reg[0]_0 |                1 |              1 |         1.00 |
|  design_1_i/processing_system7_0/inst/FCLK_CLK0 | design_1_i/axi_interconnect_0/s00_couplers/auto_pc/inst/gen_axilite.gen_b2s_conv.axilite_b2s/WR.b_channel_0/bid_fifo_0/sel                                       |                                                                                                                                                         |                1 |              2 |         2.00 |
|  design_1_i/processing_system7_0/inst/FCLK_CLK0 | design_1_i/axi_gpio_24/U0/AXI_LITE_IPIF_I/I_SLAVE_ATTACHMENT/bus2ip_addr_i[8]_i_1_n_0                                                                            | design_1_i/axi_gpio_24/U0/AXI_LITE_IPIF_I/I_SLAVE_ATTACHMENT/SR[0]                                                                                      |                1 |              4 |         4.00 |
|  design_1_i/processing_system7_0/inst/FCLK_CLK0 | design_1_i/axi_gpio_11/U0/AXI_LITE_IPIF_I/I_SLAVE_ATTACHMENT/start2                                                                                              | design_1_i/axi_gpio_11/U0/AXI_LITE_IPIF_I/I_SLAVE_ATTACHMENT/I_DECODER/cs_ce_clr                                                                        |                1 |              4 |         4.00 |
|  design_1_i/processing_system7_0/inst/FCLK_CLK0 | design_1_i/axi_gpio_12/U0/AXI_LITE_IPIF_I/I_SLAVE_ATTACHMENT/start2                                                                                              | design_1_i/axi_gpio_12/U0/AXI_LITE_IPIF_I/I_SLAVE_ATTACHMENT/I_DECODER/cs_ce_clr                                                                        |                1 |              4 |         4.00 |
|  design_1_i/processing_system7_0/inst/FCLK_CLK0 |                                                                                                                                                                  | design_1_i/axi_gpio_21/U0/AXI_LITE_IPIF_I/I_SLAVE_ATTACHMENT/clear                                                                                      |                1 |              4 |         4.00 |
|  design_1_i/processing_system7_0/inst/FCLK_CLK0 |                                                                                                                                                                  | design_1_i/axi_gpio_2/U0/AXI_LITE_IPIF_I/I_SLAVE_ATTACHMENT/clear                                                                                       |                1 |              4 |         4.00 |
|  design_1_i/processing_system7_0/inst/FCLK_CLK0 |                                                                                                                                                                  | design_1_i/axi_gpio_20/U0/AXI_LITE_IPIF_I/I_SLAVE_ATTACHMENT/clear                                                                                      |                1 |              4 |         4.00 |
|  design_1_i/processing_system7_0/inst/FCLK_CLK0 | design_1_i/axi_gpio_23/U0/AXI_LITE_IPIF_I/I_SLAVE_ATTACHMENT/start2                                                                                              | design_1_i/axi_gpio_23/U0/AXI_LITE_IPIF_I/I_SLAVE_ATTACHMENT/I_DECODER/cs_ce_clr                                                                        |                2 |              4 |         2.00 |
|  design_1_i/processing_system7_0/inst/FCLK_CLK0 |                                                                                                                                                                  | design_1_i/axi_gpio_16/U0/AXI_LITE_IPIF_I/I_SLAVE_ATTACHMENT/clear                                                                                      |                1 |              4 |         4.00 |
|  design_1_i/processing_system7_0/inst/FCLK_CLK0 | design_1_i/axi_gpio_22/U0/AXI_LITE_IPIF_I/I_SLAVE_ATTACHMENT/start2                                                                                              | design_1_i/axi_gpio_22/U0/AXI_LITE_IPIF_I/I_SLAVE_ATTACHMENT/I_DECODER/cs_ce_clr                                                                        |                1 |              4 |         4.00 |
|  design_1_i/processing_system7_0/inst/FCLK_CLK0 | design_1_i/axi_gpio_8/U0/AXI_LITE_IPIF_I/I_SLAVE_ATTACHMENT/start2                                                                                               | design_1_i/axi_gpio_8/U0/AXI_LITE_IPIF_I/I_SLAVE_ATTACHMENT/I_DECODER/cs_ce_clr                                                                         |                1 |              4 |         4.00 |
|  design_1_i/processing_system7_0/inst/FCLK_CLK0 | design_1_i/axi_gpio_22/U0/AXI_LITE_IPIF_I/I_SLAVE_ATTACHMENT/bus2ip_addr_i[8]_i_1_n_0                                                                            | design_1_i/axi_gpio_22/U0/AXI_LITE_IPIF_I/I_SLAVE_ATTACHMENT/SR[0]                                                                                      |                1 |              4 |         4.00 |
|  design_1_i/processing_system7_0/inst/FCLK_CLK0 | design_1_i/axi_gpio_24/U0/AXI_LITE_IPIF_I/I_SLAVE_ATTACHMENT/start2                                                                                              | design_1_i/axi_gpio_24/U0/AXI_LITE_IPIF_I/I_SLAVE_ATTACHMENT/I_DECODER/cs_ce_clr                                                                        |                1 |              4 |         4.00 |
|  design_1_i/processing_system7_0/inst/FCLK_CLK0 | design_1_i/axi_gpio_23/U0/AXI_LITE_IPIF_I/I_SLAVE_ATTACHMENT/bus2ip_addr_i[8]_i_1_n_0                                                                            | design_1_i/axi_gpio_23/U0/AXI_LITE_IPIF_I/I_SLAVE_ATTACHMENT/SR[0]                                                                                      |                1 |              4 |         4.00 |
|  design_1_i/processing_system7_0/inst/FCLK_CLK0 | design_1_i/axi_gpio_7/U0/AXI_LITE_IPIF_I/I_SLAVE_ATTACHMENT/bus2ip_addr_i[8]_i_1_n_0                                                                             | design_1_i/axi_gpio_7/U0/AXI_LITE_IPIF_I/I_SLAVE_ATTACHMENT/SR[0]                                                                                       |                1 |              4 |         4.00 |
|  design_1_i/processing_system7_0/inst/FCLK_CLK0 | design_1_i/axi_gpio_7/U0/AXI_LITE_IPIF_I/I_SLAVE_ATTACHMENT/start2                                                                                               | design_1_i/axi_gpio_7/U0/AXI_LITE_IPIF_I/I_SLAVE_ATTACHMENT/I_DECODER/cs_ce_clr                                                                         |                1 |              4 |         4.00 |
|  design_1_i/processing_system7_0/inst/FCLK_CLK0 |                                                                                                                                                                  | design_1_i/axi_gpio_22/U0/AXI_LITE_IPIF_I/I_SLAVE_ATTACHMENT/clear                                                                                      |                1 |              4 |         4.00 |
|  design_1_i/processing_system7_0/inst/FCLK_CLK0 | design_1_i/axi_gpio_21/U0/AXI_LITE_IPIF_I/I_SLAVE_ATTACHMENT/start2                                                                                              | design_1_i/axi_gpio_21/U0/AXI_LITE_IPIF_I/I_SLAVE_ATTACHMENT/I_DECODER/cs_ce_clr                                                                        |                1 |              4 |         4.00 |
|  design_1_i/processing_system7_0/inst/FCLK_CLK0 |                                                                                                                                                                  | design_1_i/axi_gpio_5/U0/AXI_LITE_IPIF_I/I_SLAVE_ATTACHMENT/clear                                                                                       |                1 |              4 |         4.00 |
|  design_1_i/processing_system7_0/inst/FCLK_CLK0 |                                                                                                                                                                  | design_1_i/axi_gpio_23/U0/AXI_LITE_IPIF_I/I_SLAVE_ATTACHMENT/clear                                                                                      |                1 |              4 |         4.00 |
|  design_1_i/processing_system7_0/inst/FCLK_CLK0 |                                                                                                                                                                  | design_1_i/axi_gpio_6/U0/AXI_LITE_IPIF_I/I_SLAVE_ATTACHMENT/clear                                                                                       |                1 |              4 |         4.00 |
|  design_1_i/processing_system7_0/inst/FCLK_CLK0 | design_1_i/axi_gpio_4/U0/AXI_LITE_IPIF_I/I_SLAVE_ATTACHMENT/bus2ip_addr_i[8]_i_1_n_0                                                                             | design_1_i/axi_gpio_4/U0/AXI_LITE_IPIF_I/I_SLAVE_ATTACHMENT/SR[0]                                                                                       |                1 |              4 |         4.00 |
|  design_1_i/processing_system7_0/inst/FCLK_CLK0 | design_1_i/axi_gpio_20/U0/AXI_LITE_IPIF_I/I_SLAVE_ATTACHMENT/start2                                                                                              | design_1_i/axi_gpio_20/U0/AXI_LITE_IPIF_I/I_SLAVE_ATTACHMENT/I_DECODER/cs_ce_clr                                                                        |                1 |              4 |         4.00 |
|  design_1_i/processing_system7_0/inst/FCLK_CLK0 | design_1_i/axi_gpio_20/U0/AXI_LITE_IPIF_I/I_SLAVE_ATTACHMENT/bus2ip_addr_i[8]_i_1_n_0                                                                            | design_1_i/axi_gpio_20/U0/AXI_LITE_IPIF_I/I_SLAVE_ATTACHMENT/SR[0]                                                                                      |                1 |              4 |         4.00 |
|  design_1_i/processing_system7_0/inst/FCLK_CLK0 | design_1_i/axi_gpio_21/U0/AXI_LITE_IPIF_I/I_SLAVE_ATTACHMENT/bus2ip_addr_i[8]_i_1_n_0                                                                            | design_1_i/axi_gpio_21/U0/AXI_LITE_IPIF_I/I_SLAVE_ATTACHMENT/SR[0]                                                                                      |                1 |              4 |         4.00 |
|  design_1_i/processing_system7_0/inst/FCLK_CLK0 | design_1_i/axi_gpio_18/U0/AXI_LITE_IPIF_I/I_SLAVE_ATTACHMENT/bus2ip_addr_i[8]_i_1_n_0                                                                            | design_1_i/axi_gpio_18/U0/AXI_LITE_IPIF_I/I_SLAVE_ATTACHMENT/SR[0]                                                                                      |                1 |              4 |         4.00 |
|  design_1_i/processing_system7_0/inst/FCLK_CLK0 |                                                                                                                                                                  | design_1_i/axi_gpio_24/U0/AXI_LITE_IPIF_I/I_SLAVE_ATTACHMENT/clear                                                                                      |                1 |              4 |         4.00 |
|  design_1_i/processing_system7_0/inst/FCLK_CLK0 |                                                                                                                                                                  | design_1_i/axi_gpio_13/U0/AXI_LITE_IPIF_I/I_SLAVE_ATTACHMENT/clear                                                                                      |                1 |              4 |         4.00 |
|  design_1_i/processing_system7_0/inst/FCLK_CLK0 | design_1_i/axi_gpio_18/U0/AXI_LITE_IPIF_I/I_SLAVE_ATTACHMENT/start2                                                                                              | design_1_i/axi_gpio_18/U0/AXI_LITE_IPIF_I/I_SLAVE_ATTACHMENT/I_DECODER/cs_ce_clr                                                                        |                1 |              4 |         4.00 |
|  design_1_i/processing_system7_0/inst/FCLK_CLK0 |                                                                                                                                                                  | design_1_i/axi_gpio_12/U0/AXI_LITE_IPIF_I/I_SLAVE_ATTACHMENT/clear                                                                                      |                1 |              4 |         4.00 |
|  design_1_i/processing_system7_0/inst/FCLK_CLK0 | design_1_i/axi_gpio_9/U0/AXI_LITE_IPIF_I/I_SLAVE_ATTACHMENT/start2                                                                                               | design_1_i/axi_gpio_9/U0/AXI_LITE_IPIF_I/I_SLAVE_ATTACHMENT/I_DECODER/cs_ce_clr                                                                         |                1 |              4 |         4.00 |
|  design_1_i/processing_system7_0/inst/FCLK_CLK0 | design_1_i/axi_gpio_9/U0/AXI_LITE_IPIF_I/I_SLAVE_ATTACHMENT/bus2ip_addr_i[8]_i_1_n_0                                                                             | design_1_i/axi_gpio_9/U0/AXI_LITE_IPIF_I/I_SLAVE_ATTACHMENT/SR[0]                                                                                       |                1 |              4 |         4.00 |
|  design_1_i/processing_system7_0/inst/FCLK_CLK0 |                                                                                                                                                                  | design_1_i/axi_gpio_8/U0/AXI_LITE_IPIF_I/I_SLAVE_ATTACHMENT/clear                                                                                       |                1 |              4 |         4.00 |
|  design_1_i/processing_system7_0/inst/FCLK_CLK0 |                                                                                                                                                                  | design_1_i/axi_gpio_7/U0/AXI_LITE_IPIF_I/I_SLAVE_ATTACHMENT/clear                                                                                       |                1 |              4 |         4.00 |
|  design_1_i/processing_system7_0/inst/FCLK_CLK0 |                                                                                                                                                                  | design_1_i/rst_ps7_0_125M/U0/EXT_LPF/lpf_int                                                                                                            |                1 |              4 |         4.00 |
|  design_1_i/processing_system7_0/inst/FCLK_CLK0 |                                                                                                                                                                  | design_1_i/axi_gpio_19/U0/AXI_LITE_IPIF_I/I_SLAVE_ATTACHMENT/clear                                                                                      |                1 |              4 |         4.00 |
|  design_1_i/processing_system7_0/inst/FCLK_CLK0 | design_1_i/axi_gpio_15/U0/AXI_LITE_IPIF_I/I_SLAVE_ATTACHMENT/start2                                                                                              | design_1_i/axi_gpio_15/U0/AXI_LITE_IPIF_I/I_SLAVE_ATTACHMENT/I_DECODER/cs_ce_clr                                                                        |                1 |              4 |         4.00 |
|  design_1_i/processing_system7_0/inst/FCLK_CLK0 |                                                                                                                                                                  | design_1_i/axi_interconnect_0/s00_couplers/auto_pc/inst/gen_axilite.gen_b2s_conv.axilite_b2s/SI_REG/aw.aw_pipe/aresetn_d_reg[0]_0                       |                3 |              4 |         1.33 |
|  design_1_i/processing_system7_0/inst/FCLK_CLK0 | design_1_i/axi_gpio_15/U0/AXI_LITE_IPIF_I/I_SLAVE_ATTACHMENT/bus2ip_addr_i[8]_i_1_n_0                                                                            | design_1_i/axi_gpio_15/U0/AXI_LITE_IPIF_I/I_SLAVE_ATTACHMENT/SR[0]                                                                                      |                2 |              4 |         2.00 |
|  design_1_i/processing_system7_0/inst/FCLK_CLK0 |                                                                                                                                                                  | design_1_i/axi_interconnect_0/s00_couplers/auto_pc/inst/gen_axilite.gen_b2s_conv.axilite_b2s/SI_REG/ar.ar_pipe/aresetn_d_reg[1]_inv_0                   |                2 |              4 |         2.00 |
|  design_1_i/processing_system7_0/inst/FCLK_CLK0 |                                                                                                                                                                  | design_1_i/axi_gpio_3/U0/AXI_LITE_IPIF_I/I_SLAVE_ATTACHMENT/clear                                                                                       |                1 |              4 |         4.00 |
|  design_1_i/processing_system7_0/inst/FCLK_CLK0 | design_1_i/axi_gpio_2/U0/AXI_LITE_IPIF_I/I_SLAVE_ATTACHMENT/bus2ip_addr_i[8]_i_1_n_0                                                                             | design_1_i/axi_gpio_2/U0/AXI_LITE_IPIF_I/I_SLAVE_ATTACHMENT/SR[0]                                                                                       |                1 |              4 |         4.00 |
|  design_1_i/processing_system7_0/inst/FCLK_CLK0 |                                                                                                                                                                  | design_1_i/axi_gpio_4/U0/AXI_LITE_IPIF_I/I_SLAVE_ATTACHMENT/clear                                                                                       |                1 |              4 |         4.00 |
|  design_1_i/processing_system7_0/inst/FCLK_CLK0 | design_1_i/axi_gpio_2/U0/AXI_LITE_IPIF_I/I_SLAVE_ATTACHMENT/start2                                                                                               | design_1_i/axi_gpio_2/U0/AXI_LITE_IPIF_I/I_SLAVE_ATTACHMENT/I_DECODER/cs_ce_clr                                                                         |                1 |              4 |         4.00 |
|  design_1_i/processing_system7_0/inst/FCLK_CLK0 | design_1_i/axi_gpio_16/U0/AXI_LITE_IPIF_I/I_SLAVE_ATTACHMENT/bus2ip_addr_i[8]_i_1_n_0                                                                            | design_1_i/axi_gpio_16/U0/AXI_LITE_IPIF_I/I_SLAVE_ATTACHMENT/SR[0]                                                                                      |                1 |              4 |         4.00 |
|  design_1_i/processing_system7_0/inst/FCLK_CLK0 | design_1_i/axi_gpio_16/U0/AXI_LITE_IPIF_I/I_SLAVE_ATTACHMENT/start2                                                                                              | design_1_i/axi_gpio_16/U0/AXI_LITE_IPIF_I/I_SLAVE_ATTACHMENT/I_DECODER/cs_ce_clr                                                                        |                2 |              4 |         2.00 |
|  design_1_i/processing_system7_0/inst/FCLK_CLK0 | design_1_i/axi_gpio_4/U0/AXI_LITE_IPIF_I/I_SLAVE_ATTACHMENT/start2                                                                                               | design_1_i/axi_gpio_4/U0/AXI_LITE_IPIF_I/I_SLAVE_ATTACHMENT/I_DECODER/cs_ce_clr                                                                         |                1 |              4 |         4.00 |
|  design_1_i/processing_system7_0/inst/FCLK_CLK0 | design_1_i/axi_gpio_14/U0/AXI_LITE_IPIF_I/I_SLAVE_ATTACHMENT/bus2ip_addr_i[8]_i_1_n_0                                                                            | design_1_i/axi_gpio_14/U0/AXI_LITE_IPIF_I/I_SLAVE_ATTACHMENT/SR[0]                                                                                      |                1 |              4 |         4.00 |
|  design_1_i/processing_system7_0/inst/FCLK_CLK0 | design_1_i/axi_gpio_14/U0/AXI_LITE_IPIF_I/I_SLAVE_ATTACHMENT/start2                                                                                              | design_1_i/axi_gpio_14/U0/AXI_LITE_IPIF_I/I_SLAVE_ATTACHMENT/I_DECODER/cs_ce_clr                                                                        |                1 |              4 |         4.00 |
|  design_1_i/processing_system7_0/inst/FCLK_CLK0 |                                                                                                                                                                  | design_1_i/axi_gpio_18/U0/AXI_LITE_IPIF_I/I_SLAVE_ATTACHMENT/clear                                                                                      |                1 |              4 |         4.00 |
|  design_1_i/processing_system7_0/inst/FCLK_CLK0 | design_1_i/axi_gpio_3/U0/AXI_LITE_IPIF_I/I_SLAVE_ATTACHMENT/start2                                                                                               | design_1_i/axi_gpio_3/U0/AXI_LITE_IPIF_I/I_SLAVE_ATTACHMENT/I_DECODER/cs_ce_clr                                                                         |                1 |              4 |         4.00 |
|  design_1_i/processing_system7_0/inst/FCLK_CLK0 | design_1_i/axi_gpio_3/U0/AXI_LITE_IPIF_I/I_SLAVE_ATTACHMENT/bus2ip_addr_i[8]_i_1_n_0                                                                             | design_1_i/axi_gpio_3/U0/AXI_LITE_IPIF_I/I_SLAVE_ATTACHMENT/SR[0]                                                                                       |                1 |              4 |         4.00 |
|  design_1_i/processing_system7_0/inst/FCLK_CLK0 | design_1_i/axi_gpio_17/U0/AXI_LITE_IPIF_I/I_SLAVE_ATTACHMENT/bus2ip_addr_i[8]_i_1_n_0                                                                            | design_1_i/axi_gpio_17/U0/AXI_LITE_IPIF_I/I_SLAVE_ATTACHMENT/SR[0]                                                                                      |                1 |              4 |         4.00 |
|  design_1_i/processing_system7_0/inst/FCLK_CLK0 | design_1_i/axi_interconnect_0/s00_couplers/auto_pc/inst/gen_axilite.gen_b2s_conv.axilite_b2s/RD.ar_channel_0/ar_cmd_fsm_0/m_axi_arready_2                        | design_1_i/axi_interconnect_0/s00_couplers/auto_pc/inst/gen_axilite.gen_b2s_conv.axilite_b2s/RD.ar_channel_0/ar_cmd_fsm_0/FSM_sequential_state_reg[1]_0 |                2 |              4 |         2.00 |
|  design_1_i/processing_system7_0/inst/FCLK_CLK0 | design_1_i/axi_gpio_17/U0/AXI_LITE_IPIF_I/I_SLAVE_ATTACHMENT/start2                                                                                              | design_1_i/axi_gpio_17/U0/AXI_LITE_IPIF_I/I_SLAVE_ATTACHMENT/I_DECODER/cs_ce_clr                                                                        |                1 |              4 |         4.00 |
|  design_1_i/processing_system7_0/inst/FCLK_CLK0 | design_1_i/axi_gpio_19/U0/AXI_LITE_IPIF_I/I_SLAVE_ATTACHMENT/start2                                                                                              | design_1_i/axi_gpio_19/U0/AXI_LITE_IPIF_I/I_SLAVE_ATTACHMENT/I_DECODER/cs_ce_clr                                                                        |                1 |              4 |         4.00 |
|  design_1_i/processing_system7_0/inst/FCLK_CLK0 | design_1_i/axi_gpio_5/U0/AXI_LITE_IPIF_I/I_SLAVE_ATTACHMENT/bus2ip_addr_i[8]_i_1_n_0                                                                             | design_1_i/axi_gpio_5/U0/AXI_LITE_IPIF_I/I_SLAVE_ATTACHMENT/SR[0]                                                                                       |                2 |              4 |         2.00 |
|  design_1_i/processing_system7_0/inst/FCLK_CLK0 | design_1_i/axi_gpio_5/U0/AXI_LITE_IPIF_I/I_SLAVE_ATTACHMENT/start2                                                                                               | design_1_i/axi_gpio_5/U0/AXI_LITE_IPIF_I/I_SLAVE_ATTACHMENT/I_DECODER/cs_ce_clr                                                                         |                1 |              4 |         4.00 |
|  design_1_i/processing_system7_0/inst/FCLK_CLK0 |                                                                                                                                                                  | design_1_i/axi_gpio_11/U0/AXI_LITE_IPIF_I/I_SLAVE_ATTACHMENT/clear                                                                                      |                1 |              4 |         4.00 |
|  design_1_i/processing_system7_0/inst/FCLK_CLK0 | design_1_i/axi_gpio_10/U0/AXI_LITE_IPIF_I/I_SLAVE_ATTACHMENT/start2                                                                                              | design_1_i/axi_gpio_10/U0/AXI_LITE_IPIF_I/I_SLAVE_ATTACHMENT/I_DECODER/cs_ce_clr                                                                        |                1 |              4 |         4.00 |
|  design_1_i/processing_system7_0/inst/FCLK_CLK0 | design_1_i/axi_gpio_6/U0/AXI_LITE_IPIF_I/I_SLAVE_ATTACHMENT/bus2ip_addr_i[8]_i_1_n_0                                                                             | design_1_i/axi_gpio_6/U0/AXI_LITE_IPIF_I/I_SLAVE_ATTACHMENT/SR[0]                                                                                       |                1 |              4 |         4.00 |
|  design_1_i/processing_system7_0/inst/FCLK_CLK0 | design_1_i/axi_gpio_10/U0/AXI_LITE_IPIF_I/I_SLAVE_ATTACHMENT/bus2ip_addr_i[8]_i_1_n_0                                                                            | design_1_i/axi_gpio_10/U0/AXI_LITE_IPIF_I/I_SLAVE_ATTACHMENT/SR[0]                                                                                      |                2 |              4 |         2.00 |
|  design_1_i/processing_system7_0/inst/FCLK_CLK0 |                                                                                                                                                                  | design_1_i/axi_gpio_1/U0/AXI_LITE_IPIF_I/I_SLAVE_ATTACHMENT/clear                                                                                       |                1 |              4 |         4.00 |
|  design_1_i/processing_system7_0/inst/FCLK_CLK0 | design_1_i/axi_gpio_6/U0/AXI_LITE_IPIF_I/I_SLAVE_ATTACHMENT/start2                                                                                               | design_1_i/axi_gpio_6/U0/AXI_LITE_IPIF_I/I_SLAVE_ATTACHMENT/I_DECODER/cs_ce_clr                                                                         |                1 |              4 |         4.00 |
|  design_1_i/processing_system7_0/inst/FCLK_CLK0 |                                                                                                                                                                  | design_1_i/axi_gpio_0/U0/AXI_LITE_IPIF_I/I_SLAVE_ATTACHMENT/clear                                                                                       |                1 |              4 |         4.00 |
|  design_1_i/processing_system7_0/inst/FCLK_CLK0 | design_1_i/axi_gpio_19/U0/AXI_LITE_IPIF_I/I_SLAVE_ATTACHMENT/bus2ip_addr_i[8]_i_1_n_0                                                                            | design_1_i/axi_gpio_19/U0/AXI_LITE_IPIF_I/I_SLAVE_ATTACHMENT/SR[0]                                                                                      |                1 |              4 |         4.00 |
|  design_1_i/processing_system7_0/inst/FCLK_CLK0 |                                                                                                                                                                  | design_1_i/axi_gpio_10/U0/AXI_LITE_IPIF_I/I_SLAVE_ATTACHMENT/clear                                                                                      |                1 |              4 |         4.00 |
|  design_1_i/processing_system7_0/inst/FCLK_CLK0 | design_1_i/axi_gpio_0/U0/AXI_LITE_IPIF_I/I_SLAVE_ATTACHMENT/bus2ip_addr_i[8]_i_1_n_0                                                                             | design_1_i/axi_gpio_0/U0/AXI_LITE_IPIF_I/I_SLAVE_ATTACHMENT/SS[0]                                                                                       |                1 |              4 |         4.00 |
|  design_1_i/processing_system7_0/inst/FCLK_CLK0 | design_1_i/axi_gpio_1/U0/AXI_LITE_IPIF_I/I_SLAVE_ATTACHMENT/start2                                                                                               | design_1_i/axi_gpio_1/U0/AXI_LITE_IPIF_I/I_SLAVE_ATTACHMENT/I_DECODER/cs_ce_clr                                                                         |                1 |              4 |         4.00 |
|  design_1_i/processing_system7_0/inst/FCLK_CLK0 |                                                                                                                                                                  | design_1_i/axi_gpio_17/U0/AXI_LITE_IPIF_I/I_SLAVE_ATTACHMENT/clear                                                                                      |                1 |              4 |         4.00 |
|  design_1_i/processing_system7_0/inst/FCLK_CLK0 | design_1_i/axi_gpio_8/U0/AXI_LITE_IPIF_I/I_SLAVE_ATTACHMENT/bus2ip_addr_i[8]_i_1_n_0                                                                             | design_1_i/axi_gpio_8/U0/AXI_LITE_IPIF_I/I_SLAVE_ATTACHMENT/SR[0]                                                                                       |                1 |              4 |         4.00 |
|  design_1_i/processing_system7_0/inst/FCLK_CLK0 | design_1_i/axi_gpio_1/U0/AXI_LITE_IPIF_I/I_SLAVE_ATTACHMENT/bus2ip_addr_i[8]_i_1_n_0                                                                             | design_1_i/axi_gpio_1/U0/AXI_LITE_IPIF_I/I_SLAVE_ATTACHMENT/SR[0]                                                                                       |                1 |              4 |         4.00 |
|  design_1_i/processing_system7_0/inst/FCLK_CLK0 | design_1_i/axi_gpio_13/U0/AXI_LITE_IPIF_I/I_SLAVE_ATTACHMENT/start2                                                                                              | design_1_i/axi_gpio_13/U0/AXI_LITE_IPIF_I/I_SLAVE_ATTACHMENT/I_DECODER/cs_ce_clr                                                                        |                2 |              4 |         2.00 |
|  design_1_i/processing_system7_0/inst/FCLK_CLK0 |                                                                                                                                                                  | design_1_i/axi_gpio_14/U0/AXI_LITE_IPIF_I/I_SLAVE_ATTACHMENT/clear                                                                                      |                1 |              4 |         4.00 |
|  design_1_i/processing_system7_0/inst/FCLK_CLK0 | design_1_i/axi_gpio_13/U0/AXI_LITE_IPIF_I/I_SLAVE_ATTACHMENT/bus2ip_addr_i[8]_i_1_n_0                                                                            | design_1_i/axi_gpio_13/U0/AXI_LITE_IPIF_I/I_SLAVE_ATTACHMENT/SR[0]                                                                                      |                1 |              4 |         4.00 |
|  design_1_i/processing_system7_0/inst/FCLK_CLK0 | design_1_i/axi_gpio_12/U0/AXI_LITE_IPIF_I/I_SLAVE_ATTACHMENT/bus2ip_addr_i[8]_i_1_n_0                                                                            | design_1_i/axi_gpio_12/U0/AXI_LITE_IPIF_I/I_SLAVE_ATTACHMENT/SR[0]                                                                                      |                1 |              4 |         4.00 |
|  design_1_i/processing_system7_0/inst/FCLK_CLK0 |                                                                                                                                                                  | design_1_i/axi_gpio_15/U0/AXI_LITE_IPIF_I/I_SLAVE_ATTACHMENT/clear                                                                                      |                1 |              4 |         4.00 |
|  design_1_i/processing_system7_0/inst/FCLK_CLK0 | design_1_i/axi_gpio_0/U0/AXI_LITE_IPIF_I/I_SLAVE_ATTACHMENT/start2                                                                                               | design_1_i/axi_gpio_0/U0/AXI_LITE_IPIF_I/I_SLAVE_ATTACHMENT/I_DECODER/cs_ce_clr                                                                         |                1 |              4 |         4.00 |
|  design_1_i/processing_system7_0/inst/FCLK_CLK0 | design_1_i/axi_gpio_11/U0/AXI_LITE_IPIF_I/I_SLAVE_ATTACHMENT/bus2ip_addr_i[8]_i_1_n_0                                                                            | design_1_i/axi_gpio_11/U0/AXI_LITE_IPIF_I/I_SLAVE_ATTACHMENT/SR[0]                                                                                      |                1 |              4 |         4.00 |
|  design_1_i/processing_system7_0/inst/FCLK_CLK0 |                                                                                                                                                                  | design_1_i/axi_gpio_9/U0/AXI_LITE_IPIF_I/I_SLAVE_ATTACHMENT/clear                                                                                       |                1 |              4 |         4.00 |
|  design_1_i/processing_system7_0/inst/FCLK_CLK0 | design_1_i/axi_interconnect_0/s00_couplers/auto_pc/inst/gen_axilite.gen_b2s_conv.axilite_b2s/RD.r_channel_0/rd_data_fifo_0/cnt_read[4]_i_1__0_n_0                | design_1_i/axi_interconnect_0/s00_couplers/auto_pc/inst/gen_axilite.gen_b2s_conv.axilite_b2s/areset_d1                                                  |                1 |              5 |         5.00 |
|  design_1_i/processing_system7_0/inst/FCLK_CLK0 | design_1_i/axi_interconnect_0/s00_couplers/auto_pc/inst/gen_axilite.gen_b2s_conv.axilite_b2s/RD.r_channel_0/transaction_fifo_0/cnt_read[4]_i_1_n_0               | design_1_i/axi_interconnect_0/s00_couplers/auto_pc/inst/gen_axilite.gen_b2s_conv.axilite_b2s/areset_d1                                                  |                1 |              5 |         5.00 |
|  design_1_i/processing_system7_0/inst/FCLK_CLK0 | design_1_i/IR_transmission_17/inst/bit_count                                                                                                                     | design_1_i/IR_transmission_17/inst/counter0                                                                                                             |                2 |              6 |         3.00 |
|  design_1_i/processing_system7_0/inst/FCLK_CLK0 | design_1_i/IR_transmission_5/inst/bit_count                                                                                                                      | design_1_i/IR_transmission_5/inst/counter0                                                                                                              |                2 |              6 |         3.00 |
|  design_1_i/processing_system7_0/inst/FCLK_CLK0 | design_1_i/IR_transmission_18/inst/bit_count                                                                                                                     | design_1_i/IR_transmission_18/inst/counter0                                                                                                             |                2 |              6 |         3.00 |
|  design_1_i/processing_system7_0/inst/FCLK_CLK0 | design_1_i/IR_transmission_7/inst/bit_count                                                                                                                      | design_1_i/IR_transmission_7/inst/counter0                                                                                                              |                2 |              6 |         3.00 |
|  design_1_i/processing_system7_0/inst/FCLK_CLK0 | design_1_i/IR_transmission_13/inst/bit_count                                                                                                                     | design_1_i/IR_transmission_13/inst/counter0                                                                                                             |                2 |              6 |         3.00 |
|  design_1_i/processing_system7_0/inst/FCLK_CLK0 | design_1_i/IR_transmission_1/inst/bit_count                                                                                                                      | design_1_i/IR_transmission_1/inst/counter0                                                                                                              |                2 |              6 |         3.00 |
|  design_1_i/processing_system7_0/inst/FCLK_CLK0 | design_1_i/IR_transmission_21/inst/bit_count                                                                                                                     | design_1_i/IR_transmission_21/inst/counter0                                                                                                             |                2 |              6 |         3.00 |
|  design_1_i/processing_system7_0/inst/FCLK_CLK0 | design_1_i/IR_transmission_11/inst/bit_count                                                                                                                     | design_1_i/IR_transmission_11/inst/counter0                                                                                                             |                2 |              6 |         3.00 |
|  design_1_i/processing_system7_0/inst/FCLK_CLK0 | design_1_i/IR_transmission_2/inst/bit_count                                                                                                                      | design_1_i/IR_transmission_2/inst/counter0                                                                                                              |                2 |              6 |         3.00 |
|  design_1_i/processing_system7_0/inst/FCLK_CLK0 | design_1_i/IR_transmission_15/inst/bit_count                                                                                                                     | design_1_i/IR_transmission_15/inst/counter0                                                                                                             |                2 |              6 |         3.00 |
|  design_1_i/processing_system7_0/inst/FCLK_CLK0 | design_1_i/IR_transmission_19/inst/bit_count                                                                                                                     | design_1_i/IR_transmission_19/inst/counter0                                                                                                             |                2 |              6 |         3.00 |
|  design_1_i/processing_system7_0/inst/FCLK_CLK0 | design_1_i/IR_transmission_22/inst/bit_count                                                                                                                     | design_1_i/IR_transmission_22/inst/counter0                                                                                                             |                2 |              6 |         3.00 |
|  design_1_i/processing_system7_0/inst/FCLK_CLK0 | design_1_i/IR_transmission_23/inst/bit_count                                                                                                                     | design_1_i/IR_transmission_23/inst/counter0                                                                                                             |                2 |              6 |         3.00 |
|  design_1_i/processing_system7_0/inst/FCLK_CLK0 | design_1_i/IR_transmission_16/inst/bit_count                                                                                                                     | design_1_i/IR_transmission_16/inst/counter0                                                                                                             |                2 |              6 |         3.00 |
|  design_1_i/processing_system7_0/inst/FCLK_CLK0 | design_1_i/IR_transmission_12/inst/bit_count                                                                                                                     | design_1_i/IR_transmission_12/inst/counter0                                                                                                             |                2 |              6 |         3.00 |
|  design_1_i/processing_system7_0/inst/FCLK_CLK0 | design_1_i/IR_transmission_14/inst/bit_count                                                                                                                     | design_1_i/IR_transmission_14/inst/counter0                                                                                                             |                2 |              6 |         3.00 |
|  design_1_i/processing_system7_0/inst/FCLK_CLK0 | design_1_i/IR_transmission_10/inst/bit_count                                                                                                                     | design_1_i/IR_transmission_10/inst/counter0                                                                                                             |                2 |              6 |         3.00 |
|  design_1_i/processing_system7_0/inst/FCLK_CLK0 | design_1_i/IR_transmission_3/inst/bit_count                                                                                                                      | design_1_i/IR_transmission_3/inst/counter0                                                                                                              |                2 |              6 |         3.00 |
|  design_1_i/processing_system7_0/inst/FCLK_CLK0 | design_1_i/IR_transmission_24/inst/bit_count                                                                                                                     | design_1_i/IR_transmission_24/inst/counter0                                                                                                             |                2 |              6 |         3.00 |
|  design_1_i/processing_system7_0/inst/FCLK_CLK0 | design_1_i/IR_transmission_9/inst/bit_count                                                                                                                      | design_1_i/IR_transmission_9/inst/counter0                                                                                                              |                2 |              6 |         3.00 |
|  design_1_i/processing_system7_0/inst/FCLK_CLK0 | design_1_i/IR_transmission_6/inst/bit_count                                                                                                                      | design_1_i/IR_transmission_6/inst/counter0                                                                                                              |                2 |              6 |         3.00 |
|  design_1_i/processing_system7_0/inst/FCLK_CLK0 | design_1_i/IR_transmission_4/inst/bit_count                                                                                                                      | design_1_i/IR_transmission_4/inst/counter0                                                                                                              |                2 |              6 |         3.00 |
|  design_1_i/processing_system7_0/inst/FCLK_CLK0 | design_1_i/IR_transmission_8/inst/bit_count                                                                                                                      | design_1_i/IR_transmission_8/inst/counter0                                                                                                              |                2 |              6 |         3.00 |
|  design_1_i/processing_system7_0/inst/FCLK_CLK0 | design_1_i/rst_ps7_0_125M/U0/SEQ/seq_cnt_en                                                                                                                      | design_1_i/rst_ps7_0_125M/U0/SEQ/SEQ_COUNTER/clear                                                                                                      |                1 |              6 |         6.00 |
|  design_1_i/processing_system7_0/inst/FCLK_CLK0 | design_1_i/IR_transmission_20/inst/bit_count                                                                                                                     | design_1_i/IR_transmission_20/inst/counter0                                                                                                             |                2 |              6 |         3.00 |
|  design_1_i/processing_system7_0/inst/FCLK_CLK0 | design_1_i/axi_gpio_21/U0/AXI_LITE_IPIF_I/I_SLAVE_ATTACHMENT/I_DECODER/bus2ip_rnw_i_reg[0]                                                                       | design_1_i/axi_gpio_21/U0/AXI_LITE_IPIF_I/I_SLAVE_ATTACHMENT/SR[0]                                                                                      |                1 |              8 |         8.00 |
|  design_1_i/processing_system7_0/inst/FCLK_CLK0 | design_1_i/axi_gpio_21/U0/AXI_LITE_IPIF_I/I_SLAVE_ATTACHMENT/I_DECODER/E[0]                                                                                      | design_1_i/axi_gpio_21/U0/AXI_LITE_IPIF_I/I_SLAVE_ATTACHMENT/SR[0]                                                                                      |                1 |              8 |         8.00 |
|  design_1_i/processing_system7_0/inst/FCLK_CLK0 | design_1_i/axi_gpio_20/U0/AXI_LITE_IPIF_I/I_SLAVE_ATTACHMENT/I_DECODER/E[0]                                                                                      | design_1_i/axi_gpio_20/U0/AXI_LITE_IPIF_I/I_SLAVE_ATTACHMENT/SR[0]                                                                                      |                1 |              8 |         8.00 |
|  design_1_i/processing_system7_0/inst/FCLK_CLK0 | design_1_i/axi_gpio_20/U0/AXI_LITE_IPIF_I/I_SLAVE_ATTACHMENT/I_DECODER/bus2ip_rnw_i_reg[0]                                                                       | design_1_i/axi_gpio_20/U0/AXI_LITE_IPIF_I/I_SLAVE_ATTACHMENT/SR[0]                                                                                      |                1 |              8 |         8.00 |
|  design_1_i/processing_system7_0/inst/FCLK_CLK0 | design_1_i/axi_gpio_9/U0/AXI_LITE_IPIF_I/I_SLAVE_ATTACHMENT/I_DECODER/bus2ip_rnw_i_reg[0]                                                                        | design_1_i/axi_gpio_9/U0/AXI_LITE_IPIF_I/I_SLAVE_ATTACHMENT/SR[0]                                                                                       |                2 |              8 |         4.00 |
|  design_1_i/processing_system7_0/inst/FCLK_CLK0 | design_1_i/axi_gpio_9/U0/AXI_LITE_IPIF_I/I_SLAVE_ATTACHMENT/I_DECODER/E[0]                                                                                       | design_1_i/axi_gpio_9/U0/AXI_LITE_IPIF_I/I_SLAVE_ATTACHMENT/SR[0]                                                                                       |                1 |              8 |         8.00 |
|  design_1_i/processing_system7_0/inst/FCLK_CLK0 | design_1_i/axi_gpio_15/U0/AXI_LITE_IPIF_I/I_SLAVE_ATTACHMENT/I_DECODER/bus2ip_rnw_i_reg[0]                                                                       | design_1_i/axi_gpio_15/U0/AXI_LITE_IPIF_I/I_SLAVE_ATTACHMENT/SR[0]                                                                                      |                1 |              8 |         8.00 |
|  design_1_i/processing_system7_0/inst/FCLK_CLK0 | design_1_i/axi_gpio_15/U0/AXI_LITE_IPIF_I/I_SLAVE_ATTACHMENT/I_DECODER/E[0]                                                                                      | design_1_i/axi_gpio_15/U0/AXI_LITE_IPIF_I/I_SLAVE_ATTACHMENT/SR[0]                                                                                      |                2 |              8 |         4.00 |
|  design_1_i/processing_system7_0/inst/FCLK_CLK0 | design_1_i/axi_gpio_8/U0/AXI_LITE_IPIF_I/I_SLAVE_ATTACHMENT/I_DECODER/bus2ip_rnw_i_reg[0]                                                                        | design_1_i/axi_gpio_8/U0/AXI_LITE_IPIF_I/I_SLAVE_ATTACHMENT/SR[0]                                                                                       |                1 |              8 |         8.00 |
|  design_1_i/processing_system7_0/inst/FCLK_CLK0 | design_1_i/axi_gpio_18/U0/AXI_LITE_IPIF_I/I_SLAVE_ATTACHMENT/I_DECODER/bus2ip_rnw_i_reg[0]                                                                       | design_1_i/axi_gpio_18/U0/AXI_LITE_IPIF_I/I_SLAVE_ATTACHMENT/SR[0]                                                                                      |                1 |              8 |         8.00 |
|  design_1_i/processing_system7_0/inst/FCLK_CLK0 | design_1_i/axi_gpio_18/U0/AXI_LITE_IPIF_I/I_SLAVE_ATTACHMENT/I_DECODER/E[0]                                                                                      | design_1_i/axi_gpio_18/U0/AXI_LITE_IPIF_I/I_SLAVE_ATTACHMENT/SR[0]                                                                                      |                1 |              8 |         8.00 |
|  design_1_i/processing_system7_0/inst/FCLK_CLK0 | design_1_i/axi_gpio_14/U0/AXI_LITE_IPIF_I/I_SLAVE_ATTACHMENT/I_DECODER/bus2ip_rnw_i_reg[0]                                                                       | design_1_i/axi_gpio_14/U0/AXI_LITE_IPIF_I/I_SLAVE_ATTACHMENT/SR[0]                                                                                      |                2 |              8 |         4.00 |
|  design_1_i/processing_system7_0/inst/FCLK_CLK0 | design_1_i/axi_gpio_14/U0/AXI_LITE_IPIF_I/I_SLAVE_ATTACHMENT/I_DECODER/E[0]                                                                                      | design_1_i/axi_gpio_14/U0/AXI_LITE_IPIF_I/I_SLAVE_ATTACHMENT/SR[0]                                                                                      |                1 |              8 |         8.00 |
|  design_1_i/processing_system7_0/inst/FCLK_CLK0 | design_1_i/axi_gpio_17/U0/AXI_LITE_IPIF_I/I_SLAVE_ATTACHMENT/I_DECODER/E[0]                                                                                      | design_1_i/axi_gpio_17/U0/AXI_LITE_IPIF_I/I_SLAVE_ATTACHMENT/SR[0]                                                                                      |                2 |              8 |         4.00 |
|  design_1_i/processing_system7_0/inst/FCLK_CLK0 | design_1_i/axi_gpio_17/U0/AXI_LITE_IPIF_I/I_SLAVE_ATTACHMENT/I_DECODER/bus2ip_rnw_i_reg[0]                                                                       | design_1_i/axi_gpio_17/U0/AXI_LITE_IPIF_I/I_SLAVE_ATTACHMENT/SR[0]                                                                                      |                1 |              8 |         8.00 |
|  design_1_i/processing_system7_0/inst/FCLK_CLK0 | design_1_i/axi_gpio_23/U0/AXI_LITE_IPIF_I/I_SLAVE_ATTACHMENT/I_DECODER/bus2ip_rnw_i_reg[0]                                                                       | design_1_i/axi_gpio_23/U0/AXI_LITE_IPIF_I/I_SLAVE_ATTACHMENT/SR[0]                                                                                      |                1 |              8 |         8.00 |
|  design_1_i/processing_system7_0/inst/FCLK_CLK0 | design_1_i/axi_gpio_10/U0/AXI_LITE_IPIF_I/I_SLAVE_ATTACHMENT/I_DECODER/E[0]                                                                                      | design_1_i/axi_gpio_10/U0/AXI_LITE_IPIF_I/I_SLAVE_ATTACHMENT/SR[0]                                                                                      |                1 |              8 |         8.00 |
|  design_1_i/processing_system7_0/inst/FCLK_CLK0 | design_1_i/axi_gpio_10/U0/AXI_LITE_IPIF_I/I_SLAVE_ATTACHMENT/I_DECODER/bus2ip_rnw_i_reg[0]                                                                       | design_1_i/axi_gpio_10/U0/AXI_LITE_IPIF_I/I_SLAVE_ATTACHMENT/SR[0]                                                                                      |                1 |              8 |         8.00 |
|  design_1_i/processing_system7_0/inst/FCLK_CLK0 | design_1_i/axi_gpio_1/U0/AXI_LITE_IPIF_I/I_SLAVE_ATTACHMENT/I_DECODER/bus2ip_rnw_i_reg[0]                                                                        | design_1_i/axi_gpio_1/U0/AXI_LITE_IPIF_I/I_SLAVE_ATTACHMENT/SR[0]                                                                                       |                1 |              8 |         8.00 |
|  design_1_i/processing_system7_0/inst/FCLK_CLK0 | design_1_i/axi_gpio_1/U0/AXI_LITE_IPIF_I/I_SLAVE_ATTACHMENT/I_DECODER/E[0]                                                                                       | design_1_i/axi_gpio_1/U0/AXI_LITE_IPIF_I/I_SLAVE_ATTACHMENT/SR[0]                                                                                       |                1 |              8 |         8.00 |
|  design_1_i/processing_system7_0/inst/FCLK_CLK0 | design_1_i/axi_gpio_11/U0/AXI_LITE_IPIF_I/I_SLAVE_ATTACHMENT/I_DECODER/E[0]                                                                                      | design_1_i/axi_gpio_11/U0/AXI_LITE_IPIF_I/I_SLAVE_ATTACHMENT/SR[0]                                                                                      |                1 |              8 |         8.00 |
|  design_1_i/processing_system7_0/inst/FCLK_CLK0 | design_1_i/axi_gpio_3/U0/AXI_LITE_IPIF_I/I_SLAVE_ATTACHMENT/I_DECODER/E[0]                                                                                       | design_1_i/axi_gpio_3/U0/AXI_LITE_IPIF_I/I_SLAVE_ATTACHMENT/SR[0]                                                                                       |                1 |              8 |         8.00 |
|  design_1_i/processing_system7_0/inst/FCLK_CLK0 | design_1_i/axi_gpio_2/U0/AXI_LITE_IPIF_I/I_SLAVE_ATTACHMENT/I_DECODER/E[0]                                                                                       | design_1_i/axi_gpio_2/U0/AXI_LITE_IPIF_I/I_SLAVE_ATTACHMENT/SR[0]                                                                                       |                1 |              8 |         8.00 |
|  design_1_i/processing_system7_0/inst/FCLK_CLK0 | design_1_i/axi_gpio_2/U0/AXI_LITE_IPIF_I/I_SLAVE_ATTACHMENT/I_DECODER/bus2ip_rnw_i_reg[0]                                                                        | design_1_i/axi_gpio_2/U0/AXI_LITE_IPIF_I/I_SLAVE_ATTACHMENT/SR[0]                                                                                       |                3 |              8 |         2.67 |
|  design_1_i/processing_system7_0/inst/FCLK_CLK0 | design_1_i/axi_gpio_11/U0/AXI_LITE_IPIF_I/I_SLAVE_ATTACHMENT/I_DECODER/bus2ip_rnw_i_reg[0]                                                                       | design_1_i/axi_gpio_11/U0/AXI_LITE_IPIF_I/I_SLAVE_ATTACHMENT/SR[0]                                                                                      |                3 |              8 |         2.67 |
|  design_1_i/processing_system7_0/inst/FCLK_CLK0 | design_1_i/axi_gpio_12/U0/AXI_LITE_IPIF_I/I_SLAVE_ATTACHMENT/I_DECODER/bus2ip_rnw_i_reg[0]                                                                       | design_1_i/axi_gpio_12/U0/AXI_LITE_IPIF_I/I_SLAVE_ATTACHMENT/SR[0]                                                                                      |                2 |              8 |         4.00 |
|  design_1_i/processing_system7_0/inst/FCLK_CLK0 | design_1_i/axi_gpio_12/U0/AXI_LITE_IPIF_I/I_SLAVE_ATTACHMENT/I_DECODER/E[0]                                                                                      | design_1_i/axi_gpio_12/U0/AXI_LITE_IPIF_I/I_SLAVE_ATTACHMENT/SR[0]                                                                                      |                1 |              8 |         8.00 |
|  design_1_i/processing_system7_0/inst/FCLK_CLK0 | design_1_i/axi_gpio_5/U0/AXI_LITE_IPIF_I/I_SLAVE_ATTACHMENT/I_DECODER/E[0]                                                                                       | design_1_i/axi_gpio_5/U0/AXI_LITE_IPIF_I/I_SLAVE_ATTACHMENT/SR[0]                                                                                       |                1 |              8 |         8.00 |
|  design_1_i/processing_system7_0/inst/FCLK_CLK0 | design_1_i/axi_gpio_5/U0/AXI_LITE_IPIF_I/I_SLAVE_ATTACHMENT/I_DECODER/bus2ip_rnw_i_reg[0]                                                                        | design_1_i/axi_gpio_5/U0/AXI_LITE_IPIF_I/I_SLAVE_ATTACHMENT/SR[0]                                                                                       |                1 |              8 |         8.00 |
|  design_1_i/processing_system7_0/inst/FCLK_CLK0 | design_1_i/axi_gpio_3/U0/AXI_LITE_IPIF_I/I_SLAVE_ATTACHMENT/I_DECODER/bus2ip_rnw_i_reg[0]                                                                        | design_1_i/axi_gpio_3/U0/AXI_LITE_IPIF_I/I_SLAVE_ATTACHMENT/SR[0]                                                                                       |                1 |              8 |         8.00 |
|  design_1_i/processing_system7_0/inst/FCLK_CLK0 | design_1_i/axi_gpio_6/U0/AXI_LITE_IPIF_I/I_SLAVE_ATTACHMENT/I_DECODER/E[0]                                                                                       | design_1_i/axi_gpio_6/U0/AXI_LITE_IPIF_I/I_SLAVE_ATTACHMENT/SR[0]                                                                                       |                1 |              8 |         8.00 |
|  design_1_i/processing_system7_0/inst/FCLK_CLK0 | design_1_i/axi_gpio_6/U0/AXI_LITE_IPIF_I/I_SLAVE_ATTACHMENT/I_DECODER/bus2ip_rnw_i_reg[0]                                                                        | design_1_i/axi_gpio_6/U0/AXI_LITE_IPIF_I/I_SLAVE_ATTACHMENT/SR[0]                                                                                       |                1 |              8 |         8.00 |
|  design_1_i/processing_system7_0/inst/FCLK_CLK0 | design_1_i/axi_gpio_4/U0/AXI_LITE_IPIF_I/I_SLAVE_ATTACHMENT/I_DECODER/E[0]                                                                                       | design_1_i/axi_gpio_4/U0/AXI_LITE_IPIF_I/I_SLAVE_ATTACHMENT/SR[0]                                                                                       |                1 |              8 |         8.00 |
|  design_1_i/processing_system7_0/inst/FCLK_CLK0 | design_1_i/axi_gpio_4/U0/AXI_LITE_IPIF_I/I_SLAVE_ATTACHMENT/I_DECODER/bus2ip_rnw_i_reg[0]                                                                        | design_1_i/axi_gpio_4/U0/AXI_LITE_IPIF_I/I_SLAVE_ATTACHMENT/SR[0]                                                                                       |                1 |              8 |         8.00 |
|  design_1_i/processing_system7_0/inst/FCLK_CLK0 | design_1_i/axi_gpio_19/U0/AXI_LITE_IPIF_I/I_SLAVE_ATTACHMENT/I_DECODER/bus2ip_rnw_i_reg[0]                                                                       | design_1_i/axi_gpio_19/U0/AXI_LITE_IPIF_I/I_SLAVE_ATTACHMENT/SR[0]                                                                                      |                1 |              8 |         8.00 |
|  design_1_i/processing_system7_0/inst/FCLK_CLK0 | design_1_i/axi_gpio_19/U0/AXI_LITE_IPIF_I/I_SLAVE_ATTACHMENT/I_DECODER/E[0]                                                                                      | design_1_i/axi_gpio_19/U0/AXI_LITE_IPIF_I/I_SLAVE_ATTACHMENT/SR[0]                                                                                      |                1 |              8 |         8.00 |
|  design_1_i/processing_system7_0/inst/FCLK_CLK0 | design_1_i/axi_gpio_13/U0/AXI_LITE_IPIF_I/I_SLAVE_ATTACHMENT/I_DECODER/E[0]                                                                                      | design_1_i/axi_gpio_13/U0/AXI_LITE_IPIF_I/I_SLAVE_ATTACHMENT/SR[0]                                                                                      |                1 |              8 |         8.00 |
|  design_1_i/processing_system7_0/inst/FCLK_CLK0 | design_1_i/axi_gpio_16/U0/AXI_LITE_IPIF_I/I_SLAVE_ATTACHMENT/I_DECODER/E[0]                                                                                      | design_1_i/axi_gpio_16/U0/AXI_LITE_IPIF_I/I_SLAVE_ATTACHMENT/SR[0]                                                                                      |                2 |              8 |         4.00 |
|  design_1_i/processing_system7_0/inst/FCLK_CLK0 | design_1_i/axi_gpio_8/U0/AXI_LITE_IPIF_I/I_SLAVE_ATTACHMENT/I_DECODER/E[0]                                                                                       | design_1_i/axi_gpio_8/U0/AXI_LITE_IPIF_I/I_SLAVE_ATTACHMENT/SR[0]                                                                                       |                1 |              8 |         8.00 |
|  design_1_i/processing_system7_0/inst/FCLK_CLK0 | design_1_i/axi_gpio_16/U0/AXI_LITE_IPIF_I/I_SLAVE_ATTACHMENT/I_DECODER/bus2ip_rnw_i_reg[0]                                                                       | design_1_i/axi_gpio_16/U0/AXI_LITE_IPIF_I/I_SLAVE_ATTACHMENT/SR[0]                                                                                      |                1 |              8 |         8.00 |
|  design_1_i/processing_system7_0/inst/FCLK_CLK0 | design_1_i/axi_gpio_7/U0/AXI_LITE_IPIF_I/I_SLAVE_ATTACHMENT/I_DECODER/bus2ip_rnw_i_reg[0]                                                                        | design_1_i/axi_gpio_7/U0/AXI_LITE_IPIF_I/I_SLAVE_ATTACHMENT/SR[0]                                                                                       |                1 |              8 |         8.00 |
|  design_1_i/processing_system7_0/inst/FCLK_CLK0 | design_1_i/axi_gpio_7/U0/AXI_LITE_IPIF_I/I_SLAVE_ATTACHMENT/I_DECODER/E[0]                                                                                       | design_1_i/axi_gpio_7/U0/AXI_LITE_IPIF_I/I_SLAVE_ATTACHMENT/SR[0]                                                                                       |                1 |              8 |         8.00 |
|  design_1_i/processing_system7_0/inst/FCLK_CLK0 | design_1_i/axi_gpio_24/U0/AXI_LITE_IPIF_I/I_SLAVE_ATTACHMENT/I_DECODER/bus2ip_rnw_i_reg[0]                                                                       | design_1_i/axi_gpio_24/U0/AXI_LITE_IPIF_I/I_SLAVE_ATTACHMENT/SR[0]                                                                                      |                1 |              8 |         8.00 |
|  design_1_i/processing_system7_0/inst/FCLK_CLK0 | design_1_i/axi_gpio_24/U0/AXI_LITE_IPIF_I/I_SLAVE_ATTACHMENT/I_DECODER/E[0]                                                                                      | design_1_i/axi_gpio_24/U0/AXI_LITE_IPIF_I/I_SLAVE_ATTACHMENT/SR[0]                                                                                      |                2 |              8 |         4.00 |
|  design_1_i/processing_system7_0/inst/FCLK_CLK0 | design_1_i/axi_gpio_23/U0/AXI_LITE_IPIF_I/I_SLAVE_ATTACHMENT/I_DECODER/E[0]                                                                                      | design_1_i/axi_gpio_23/U0/AXI_LITE_IPIF_I/I_SLAVE_ATTACHMENT/SR[0]                                                                                      |                2 |              8 |         4.00 |
|  design_1_i/processing_system7_0/inst/FCLK_CLK0 | design_1_i/axi_interconnect_0/s00_couplers/auto_pc/inst/gen_axilite.gen_b2s_conv.axilite_b2s/WR.b_channel_0/mhandshake_r                                         | design_1_i/axi_interconnect_0/s00_couplers/auto_pc/inst/gen_axilite.gen_b2s_conv.axilite_b2s/WR.b_channel_0/bid_fifo_0/SR[0]                            |                2 |              8 |         4.00 |
|  design_1_i/processing_system7_0/inst/FCLK_CLK0 | design_1_i/axi_gpio_22/U0/AXI_LITE_IPIF_I/I_SLAVE_ATTACHMENT/I_DECODER/bus2ip_rnw_i_reg[0]                                                                       | design_1_i/axi_gpio_22/U0/AXI_LITE_IPIF_I/I_SLAVE_ATTACHMENT/SR[0]                                                                                      |                1 |              8 |         8.00 |
|  design_1_i/processing_system7_0/inst/FCLK_CLK0 | design_1_i/axi_gpio_22/U0/AXI_LITE_IPIF_I/I_SLAVE_ATTACHMENT/I_DECODER/E[0]                                                                                      | design_1_i/axi_gpio_22/U0/AXI_LITE_IPIF_I/I_SLAVE_ATTACHMENT/SR[0]                                                                                      |                1 |              8 |         8.00 |
|  design_1_i/processing_system7_0/inst/FCLK_CLK0 | design_1_i/axi_gpio_13/U0/AXI_LITE_IPIF_I/I_SLAVE_ATTACHMENT/I_DECODER/bus2ip_rnw_i_reg[0]                                                                       | design_1_i/axi_gpio_13/U0/AXI_LITE_IPIF_I/I_SLAVE_ATTACHMENT/SR[0]                                                                                      |                2 |              8 |         4.00 |
|  design_1_i/processing_system7_0/inst/FCLK_CLK0 | design_1_i/axi_gpio_9/U0/AXI_LITE_IPIF_I/I_SLAVE_ATTACHMENT/s_axi_rresp_i                                                                                        | design_1_i/axi_gpio_9/U0/AXI_LITE_IPIF_I/I_SLAVE_ATTACHMENT/SR[0]                                                                                       |                2 |              9 |         4.50 |
|  design_1_i/processing_system7_0/inst/FCLK_CLK0 | design_1_i/axi_gpio_20/U0/AXI_LITE_IPIF_I/I_SLAVE_ATTACHMENT/s_axi_rresp_i                                                                                       | design_1_i/axi_gpio_20/U0/AXI_LITE_IPIF_I/I_SLAVE_ATTACHMENT/SR[0]                                                                                      |                2 |              9 |         4.50 |
|  design_1_i/processing_system7_0/inst/FCLK_CLK0 | design_1_i/axi_gpio_21/U0/AXI_LITE_IPIF_I/I_SLAVE_ATTACHMENT/s_axi_rresp_i                                                                                       | design_1_i/axi_gpio_21/U0/AXI_LITE_IPIF_I/I_SLAVE_ATTACHMENT/SR[0]                                                                                      |                3 |              9 |         3.00 |
|  design_1_i/processing_system7_0/inst/FCLK_CLK0 | design_1_i/axi_gpio_22/U0/AXI_LITE_IPIF_I/I_SLAVE_ATTACHMENT/s_axi_rresp_i                                                                                       | design_1_i/axi_gpio_22/U0/AXI_LITE_IPIF_I/I_SLAVE_ATTACHMENT/SR[0]                                                                                      |                3 |              9 |         3.00 |
|  design_1_i/processing_system7_0/inst/FCLK_CLK0 | design_1_i/axi_gpio_11/U0/AXI_LITE_IPIF_I/I_SLAVE_ATTACHMENT/s_axi_rresp_i                                                                                       | design_1_i/axi_gpio_11/U0/AXI_LITE_IPIF_I/I_SLAVE_ATTACHMENT/SR[0]                                                                                      |                4 |              9 |         2.25 |
|  design_1_i/processing_system7_0/inst/FCLK_CLK0 | design_1_i/axi_gpio_4/U0/AXI_LITE_IPIF_I/I_SLAVE_ATTACHMENT/s_axi_rresp_i                                                                                        | design_1_i/axi_gpio_4/U0/AXI_LITE_IPIF_I/I_SLAVE_ATTACHMENT/SR[0]                                                                                       |                4 |              9 |         2.25 |
|  design_1_i/processing_system7_0/inst/FCLK_CLK0 | design_1_i/axi_gpio_13/U0/AXI_LITE_IPIF_I/I_SLAVE_ATTACHMENT/s_axi_rresp_i                                                                                       | design_1_i/axi_gpio_13/U0/AXI_LITE_IPIF_I/I_SLAVE_ATTACHMENT/SR[0]                                                                                      |                3 |              9 |         3.00 |
|  design_1_i/processing_system7_0/inst/FCLK_CLK0 | design_1_i/axi_gpio_23/U0/AXI_LITE_IPIF_I/I_SLAVE_ATTACHMENT/s_axi_rresp_i                                                                                       | design_1_i/axi_gpio_23/U0/AXI_LITE_IPIF_I/I_SLAVE_ATTACHMENT/SR[0]                                                                                      |                2 |              9 |         4.50 |
|  design_1_i/processing_system7_0/inst/FCLK_CLK0 | design_1_i/axi_gpio_2/U0/AXI_LITE_IPIF_I/I_SLAVE_ATTACHMENT/s_axi_rresp_i                                                                                        | design_1_i/axi_gpio_2/U0/AXI_LITE_IPIF_I/I_SLAVE_ATTACHMENT/SR[0]                                                                                       |                4 |              9 |         2.25 |
|  design_1_i/processing_system7_0/inst/FCLK_CLK0 | design_1_i/axi_gpio_12/U0/AXI_LITE_IPIF_I/I_SLAVE_ATTACHMENT/s_axi_rresp_i                                                                                       | design_1_i/axi_gpio_12/U0/AXI_LITE_IPIF_I/I_SLAVE_ATTACHMENT/SR[0]                                                                                      |                3 |              9 |         3.00 |
|  design_1_i/processing_system7_0/inst/FCLK_CLK0 | design_1_i/axi_gpio_18/U0/AXI_LITE_IPIF_I/I_SLAVE_ATTACHMENT/s_axi_rresp_i                                                                                       | design_1_i/axi_gpio_18/U0/AXI_LITE_IPIF_I/I_SLAVE_ATTACHMENT/SR[0]                                                                                      |                2 |              9 |         4.50 |
|  design_1_i/processing_system7_0/inst/FCLK_CLK0 | design_1_i/axi_gpio_5/U0/AXI_LITE_IPIF_I/I_SLAVE_ATTACHMENT/s_axi_rresp_i                                                                                        | design_1_i/axi_gpio_5/U0/AXI_LITE_IPIF_I/I_SLAVE_ATTACHMENT/SR[0]                                                                                       |                2 |              9 |         4.50 |
|  design_1_i/processing_system7_0/inst/FCLK_CLK0 | design_1_i/axi_gpio_17/U0/AXI_LITE_IPIF_I/I_SLAVE_ATTACHMENT/s_axi_rresp_i                                                                                       | design_1_i/axi_gpio_17/U0/AXI_LITE_IPIF_I/I_SLAVE_ATTACHMENT/SR[0]                                                                                      |                3 |              9 |         3.00 |
|  design_1_i/processing_system7_0/inst/FCLK_CLK0 | design_1_i/axi_gpio_24/U0/AXI_LITE_IPIF_I/I_SLAVE_ATTACHMENT/s_axi_rresp_i                                                                                       | design_1_i/axi_gpio_24/U0/AXI_LITE_IPIF_I/I_SLAVE_ATTACHMENT/SR[0]                                                                                      |                2 |              9 |         4.50 |
|  design_1_i/processing_system7_0/inst/FCLK_CLK0 | design_1_i/axi_gpio_1/U0/AXI_LITE_IPIF_I/I_SLAVE_ATTACHMENT/s_axi_rresp_i                                                                                        | design_1_i/axi_gpio_1/U0/AXI_LITE_IPIF_I/I_SLAVE_ATTACHMENT/SR[0]                                                                                       |                2 |              9 |         4.50 |
|  design_1_i/processing_system7_0/inst/FCLK_CLK0 | design_1_i/axi_gpio_19/U0/AXI_LITE_IPIF_I/I_SLAVE_ATTACHMENT/s_axi_rresp_i                                                                                       | design_1_i/axi_gpio_19/U0/AXI_LITE_IPIF_I/I_SLAVE_ATTACHMENT/SR[0]                                                                                      |                3 |              9 |         3.00 |
|  design_1_i/processing_system7_0/inst/FCLK_CLK0 | design_1_i/axi_gpio_10/U0/AXI_LITE_IPIF_I/I_SLAVE_ATTACHMENT/s_axi_rresp_i                                                                                       | design_1_i/axi_gpio_10/U0/AXI_LITE_IPIF_I/I_SLAVE_ATTACHMENT/SR[0]                                                                                      |                2 |              9 |         4.50 |
|  design_1_i/processing_system7_0/inst/FCLK_CLK0 | design_1_i/axi_gpio_16/U0/AXI_LITE_IPIF_I/I_SLAVE_ATTACHMENT/s_axi_rresp_i                                                                                       | design_1_i/axi_gpio_16/U0/AXI_LITE_IPIF_I/I_SLAVE_ATTACHMENT/SR[0]                                                                                      |                4 |              9 |         2.25 |
|  design_1_i/processing_system7_0/inst/FCLK_CLK0 | design_1_i/axi_gpio_7/U0/AXI_LITE_IPIF_I/I_SLAVE_ATTACHMENT/s_axi_rresp_i                                                                                        | design_1_i/axi_gpio_7/U0/AXI_LITE_IPIF_I/I_SLAVE_ATTACHMENT/SR[0]                                                                                       |                2 |              9 |         4.50 |
|  design_1_i/processing_system7_0/inst/FCLK_CLK0 | design_1_i/axi_gpio_6/U0/AXI_LITE_IPIF_I/I_SLAVE_ATTACHMENT/s_axi_rresp_i                                                                                        | design_1_i/axi_gpio_6/U0/AXI_LITE_IPIF_I/I_SLAVE_ATTACHMENT/SR[0]                                                                                       |                3 |              9 |         3.00 |
|  design_1_i/processing_system7_0/inst/FCLK_CLK0 | design_1_i/axi_gpio_14/U0/AXI_LITE_IPIF_I/I_SLAVE_ATTACHMENT/s_axi_rresp_i                                                                                       | design_1_i/axi_gpio_14/U0/AXI_LITE_IPIF_I/I_SLAVE_ATTACHMENT/SR[0]                                                                                      |                3 |              9 |         3.00 |
|  design_1_i/processing_system7_0/inst/FCLK_CLK0 | design_1_i/axi_gpio_15/U0/AXI_LITE_IPIF_I/I_SLAVE_ATTACHMENT/s_axi_rresp_i                                                                                       | design_1_i/axi_gpio_15/U0/AXI_LITE_IPIF_I/I_SLAVE_ATTACHMENT/SR[0]                                                                                      |                2 |              9 |         4.50 |
|  design_1_i/processing_system7_0/inst/FCLK_CLK0 | design_1_i/axi_gpio_3/U0/AXI_LITE_IPIF_I/I_SLAVE_ATTACHMENT/s_axi_rresp_i                                                                                        | design_1_i/axi_gpio_3/U0/AXI_LITE_IPIF_I/I_SLAVE_ATTACHMENT/SR[0]                                                                                       |                3 |              9 |         3.00 |
|  design_1_i/processing_system7_0/inst/FCLK_CLK0 | design_1_i/axi_gpio_8/U0/AXI_LITE_IPIF_I/I_SLAVE_ATTACHMENT/s_axi_rresp_i                                                                                        | design_1_i/axi_gpio_8/U0/AXI_LITE_IPIF_I/I_SLAVE_ATTACHMENT/SR[0]                                                                                       |                3 |              9 |         3.00 |
|  design_1_i/processing_system7_0/inst/FCLK_CLK0 |                                                                                                                                                                  | design_1_i/axi_interconnect_0/s00_couplers/auto_pc/inst/gen_axilite.gen_b2s_conv.axilite_b2s/areset_d1                                                  |                5 |             10 |         2.00 |
|  design_1_i/processing_system7_0/inst/FCLK_CLK0 |                                                                                                                                                                  | design_1_i/axi_interconnect_0/tier2_xbar_3/inst/gen_sasd.crossbar_sasd_0/addr_arbiter_inst/SR[0]                                                        |                5 |             11 |         2.20 |
|  design_1_i/processing_system7_0/inst/FCLK_CLK0 | design_1_i/axi_interconnect_0/s00_couplers/auto_pc/inst/gen_axilite.gen_b2s_conv.axilite_b2s/WR.aw_channel_0/aw_cmd_fsm_0/m_valid_i_reg[0]                       |                                                                                                                                                         |                6 |             12 |         2.00 |
|  design_1_i/processing_system7_0/inst/FCLK_CLK0 | design_1_i/axi_interconnect_0/s00_couplers/auto_pc/inst/gen_axilite.gen_b2s_conv.axilite_b2s/WR.aw_channel_0/cmd_translator_0/incr_cmd_0/axaddr_incr[11]_i_1_n_0 |                                                                                                                                                         |                2 |             12 |         6.00 |
|  design_1_i/processing_system7_0/inst/FCLK_CLK0 | design_1_i/axi_interconnect_0/s00_couplers/auto_pc/inst/gen_axilite.gen_b2s_conv.axilite_b2s/RD.ar_channel_0/ar_cmd_fsm_0/E[0]                                   |                                                                                                                                                         |                4 |             12 |         3.00 |
|  design_1_i/processing_system7_0/inst/FCLK_CLK0 | design_1_i/axi_interconnect_0/s00_couplers/auto_pc/inst/gen_axilite.gen_b2s_conv.axilite_b2s/RD.ar_channel_0/ar_cmd_fsm_0/sel_first_reg[0]                       |                                                                                                                                                         |                3 |             12 |         4.00 |
|  design_1_i/processing_system7_0/inst/FCLK_CLK0 |                                                                                                                                                                  | design_1_i/axi_interconnect_0/xbar/inst/gen_sasd.crossbar_sasd_0/addr_arbiter_inst/SR[0]                                                                |                6 |             13 |         2.17 |
|  design_1_i/processing_system7_0/inst/FCLK_CLK0 | design_1_i/axi_interconnect_0/s00_couplers/auto_pc/inst/gen_axilite.gen_b2s_conv.axilite_b2s/RD.r_channel_0/r_push_r                                             |                                                                                                                                                         |                4 |             13 |         3.25 |
|  design_1_i/processing_system7_0/inst/FCLK_CLK0 | design_1_i/axi_interconnect_0/s00_couplers/auto_pc/inst/gen_axilite.gen_b2s_conv.axilite_b2s/SI_REG/b.b_pipe/s_ready_i_reg_0                                     |                                                                                                                                                         |                3 |             14 |         4.67 |
|  design_1_i/processing_system7_0/inst/FCLK_CLK0 | design_1_i/axi_interconnect_0/s00_couplers/auto_pc/inst/gen_axilite.gen_b2s_conv.axilite_b2s/SI_REG/b.b_pipe/p_1_in                                              |                                                                                                                                                         |                2 |             14 |         7.00 |
|  design_1_i/processing_system7_0/inst/FCLK_CLK0 |                                                                                                                                                                  | design_1_i/IR_transmission_14/inst/carrier                                                                                                              |                4 |             15 |         3.75 |
|  design_1_i/processing_system7_0/inst/FCLK_CLK0 | design_1_i/axi_interconnect_0/tier2_xbar_3/inst/gen_sasd.crossbar_sasd_0/reg_slice_r/aa_rready                                                                   |                                                                                                                                                         |                8 |             15 |         1.88 |
|  design_1_i/processing_system7_0/inst/FCLK_CLK0 |                                                                                                                                                                  | design_1_i/IR_transmission_2/inst/carrier                                                                                                               |                4 |             15 |         3.75 |
|  design_1_i/processing_system7_0/inst/FCLK_CLK0 | design_1_i/axi_interconnect_0/tier2_xbar_1/inst/gen_sasd.crossbar_sasd_0/reg_slice_r/aa_rready                                                                   |                                                                                                                                                         |                9 |             15 |         1.67 |
|  design_1_i/processing_system7_0/inst/FCLK_CLK0 |                                                                                                                                                                  | design_1_i/IR_transmission_10/inst/carrier                                                                                                              |                4 |             15 |         3.75 |
|  design_1_i/processing_system7_0/inst/FCLK_CLK0 |                                                                                                                                                                  | design_1_i/IR_transmission_16/inst/carrier                                                                                                              |                4 |             15 |         3.75 |
|  design_1_i/processing_system7_0/inst/FCLK_CLK0 |                                                                                                                                                                  | design_1_i/IR_transmission_1/inst/carrier                                                                                                               |                4 |             15 |         3.75 |
|  design_1_i/processing_system7_0/inst/FCLK_CLK0 |                                                                                                                                                                  | design_1_i/IR_transmission_21/inst/carrier                                                                                                              |                4 |             15 |         3.75 |
|  design_1_i/processing_system7_0/inst/FCLK_CLK0 | design_1_i/axi_interconnect_0/tier2_xbar_0/inst/gen_sasd.crossbar_sasd_0/reg_slice_r/aa_rready                                                                   |                                                                                                                                                         |                6 |             15 |         2.50 |
|  design_1_i/processing_system7_0/inst/FCLK_CLK0 |                                                                                                                                                                  | design_1_i/IR_transmission_15/inst/carrier                                                                                                              |                4 |             15 |         3.75 |
|  design_1_i/processing_system7_0/inst/FCLK_CLK0 |                                                                                                                                                                  | design_1_i/IR_transmission_7/inst/carrier                                                                                                               |                4 |             15 |         3.75 |
|  design_1_i/processing_system7_0/inst/FCLK_CLK0 |                                                                                                                                                                  | design_1_i/IR_transmission_13/inst/carrier                                                                                                              |                4 |             15 |         3.75 |
|  design_1_i/processing_system7_0/inst/FCLK_CLK0 |                                                                                                                                                                  | design_1_i/IR_transmission_18/inst/carrier                                                                                                              |                4 |             15 |         3.75 |
|  design_1_i/processing_system7_0/inst/FCLK_CLK0 |                                                                                                                                                                  | design_1_i/IR_transmission_11/inst/carrier                                                                                                              |                4 |             15 |         3.75 |
|  design_1_i/processing_system7_0/inst/FCLK_CLK0 |                                                                                                                                                                  | design_1_i/IR_transmission_17/inst/carrier                                                                                                              |                4 |             15 |         3.75 |
|  design_1_i/processing_system7_0/inst/FCLK_CLK0 |                                                                                                                                                                  | design_1_i/IR_transmission_12/inst/carrier                                                                                                              |                4 |             15 |         3.75 |
|  design_1_i/processing_system7_0/inst/FCLK_CLK0 |                                                                                                                                                                  | design_1_i/IR_transmission_4/inst/carrier                                                                                                               |                4 |             15 |         3.75 |
|  design_1_i/processing_system7_0/inst/FCLK_CLK0 |                                                                                                                                                                  | design_1_i/IR_transmission_5/inst/carrier                                                                                                               |                4 |             15 |         3.75 |
|  design_1_i/processing_system7_0/inst/FCLK_CLK0 |                                                                                                                                                                  | design_1_i/IR_transmission_3/inst/carrier                                                                                                               |                4 |             15 |         3.75 |
|  design_1_i/processing_system7_0/inst/FCLK_CLK0 |                                                                                                                                                                  | design_1_i/IR_transmission_22/inst/carrier                                                                                                              |                4 |             15 |         3.75 |
|  design_1_i/processing_system7_0/inst/FCLK_CLK0 |                                                                                                                                                                  | design_1_i/IR_transmission_20/inst/carrier                                                                                                              |                4 |             15 |         3.75 |
|  design_1_i/processing_system7_0/inst/FCLK_CLK0 |                                                                                                                                                                  | design_1_i/IR_transmission_19/inst/carrier                                                                                                              |                4 |             15 |         3.75 |
|  design_1_i/processing_system7_0/inst/FCLK_CLK0 |                                                                                                                                                                  | design_1_i/IR_transmission_24/inst/carrier                                                                                                              |                4 |             15 |         3.75 |
|  design_1_i/processing_system7_0/inst/FCLK_CLK0 |                                                                                                                                                                  | design_1_i/IR_transmission_23/inst/carrier                                                                                                              |                4 |             15 |         3.75 |
|  design_1_i/processing_system7_0/inst/FCLK_CLK0 |                                                                                                                                                                  | design_1_i/IR_transmission_9/inst/carrier                                                                                                               |                4 |             15 |         3.75 |
|  design_1_i/processing_system7_0/inst/FCLK_CLK0 |                                                                                                                                                                  | design_1_i/IR_transmission_6/inst/carrier                                                                                                               |                4 |             15 |         3.75 |
|  design_1_i/processing_system7_0/inst/FCLK_CLK0 |                                                                                                                                                                  | design_1_i/IR_transmission_8/inst/carrier                                                                                                               |                4 |             15 |         3.75 |
|  design_1_i/processing_system7_0/inst/FCLK_CLK0 |                                                                                                                                                                  | design_1_i/axi_gpio_13/U0/AXI_LITE_IPIF_I/I_SLAVE_ATTACHMENT/I_DECODER/bus2ip_rnw_i_reg_0                                                               |                2 |             16 |         8.00 |
|  design_1_i/processing_system7_0/inst/FCLK_CLK0 | design_1_i/axi_interconnect_0/s00_couplers/auto_pc/inst/gen_axilite.gen_b2s_conv.axilite_b2s/WR.aw_channel_0/aw_cmd_fsm_0/m_axi_awready_0                        |                                                                                                                                                         |                3 |             16 |         5.33 |
|  design_1_i/processing_system7_0/inst/FCLK_CLK0 |                                                                                                                                                                  | design_1_i/axi_gpio_24/U0/AXI_LITE_IPIF_I/I_SLAVE_ATTACHMENT/I_DECODER/bus2ip_rnw_i_reg_0                                                               |                4 |             16 |         4.00 |
|  design_1_i/processing_system7_0/inst/FCLK_CLK0 |                                                                                                                                                                  | design_1_i/axi_gpio_12/U0/AXI_LITE_IPIF_I/I_SLAVE_ATTACHMENT/I_DECODER/bus2ip_rnw_i_reg_0                                                               |                3 |             16 |         5.33 |
|  design_1_i/processing_system7_0/inst/FCLK_CLK0 |                                                                                                                                                                  | design_1_i/axi_gpio_23/U0/AXI_LITE_IPIF_I/I_SLAVE_ATTACHMENT/I_DECODER/bus2ip_rnw_i_reg_0                                                               |                2 |             16 |         8.00 |
|  design_1_i/processing_system7_0/inst/FCLK_CLK0 |                                                                                                                                                                  | design_1_i/axi_gpio_21/U0/AXI_LITE_IPIF_I/I_SLAVE_ATTACHMENT/I_DECODER/bus2ip_rnw_i_reg_0                                                               |                2 |             16 |         8.00 |
|  design_1_i/processing_system7_0/inst/FCLK_CLK0 |                                                                                                                                                                  | design_1_i/axi_gpio_16/U0/AXI_LITE_IPIF_I/I_SLAVE_ATTACHMENT/I_DECODER/bus2ip_rnw_i_reg_0                                                               |                2 |             16 |         8.00 |
|  design_1_i/processing_system7_0/inst/FCLK_CLK0 |                                                                                                                                                                  | design_1_i/axi_gpio_5/U0/AXI_LITE_IPIF_I/I_SLAVE_ATTACHMENT/I_DECODER/bus2ip_rnw_i_reg_0                                                                |                3 |             16 |         5.33 |
|  design_1_i/processing_system7_0/inst/FCLK_CLK0 |                                                                                                                                                                  | design_1_i/axi_gpio_2/U0/AXI_LITE_IPIF_I/I_SLAVE_ATTACHMENT/I_DECODER/bus2ip_rnw_i_reg_0                                                                |                2 |             16 |         8.00 |
|  design_1_i/processing_system7_0/inst/FCLK_CLK0 |                                                                                                                                                                  | design_1_i/axi_gpio_7/U0/AXI_LITE_IPIF_I/I_SLAVE_ATTACHMENT/I_DECODER/bus2ip_rnw_i_reg_0                                                                |                4 |             16 |         4.00 |
|  design_1_i/processing_system7_0/inst/FCLK_CLK0 |                                                                                                                                                                  | design_1_i/axi_gpio_22/U0/AXI_LITE_IPIF_I/I_SLAVE_ATTACHMENT/I_DECODER/bus2ip_rnw_i_reg_0                                                               |                3 |             16 |         5.33 |
|  design_1_i/processing_system7_0/inst/FCLK_CLK0 |                                                                                                                                                                  | design_1_i/axi_gpio_4/U0/AXI_LITE_IPIF_I/I_SLAVE_ATTACHMENT/I_DECODER/bus2ip_rnw_i_reg_0                                                                |                4 |             16 |         4.00 |
|  design_1_i/processing_system7_0/inst/FCLK_CLK0 |                                                                                                                                                                  | design_1_i/axi_gpio_3/U0/AXI_LITE_IPIF_I/I_SLAVE_ATTACHMENT/I_DECODER/bus2ip_rnw_i_reg_0                                                                |                2 |             16 |         8.00 |
|  design_1_i/processing_system7_0/inst/FCLK_CLK0 |                                                                                                                                                                  | design_1_i/axi_gpio_11/U0/AXI_LITE_IPIF_I/I_SLAVE_ATTACHMENT/I_DECODER/bus2ip_rnw_i_reg_0                                                               |                3 |             16 |         5.33 |
|  design_1_i/processing_system7_0/inst/FCLK_CLK0 |                                                                                                                                                                  | design_1_i/axi_gpio_14/U0/AXI_LITE_IPIF_I/I_SLAVE_ATTACHMENT/I_DECODER/bus2ip_rnw_i_reg_0                                                               |                2 |             16 |         8.00 |
|  design_1_i/processing_system7_0/inst/FCLK_CLK0 |                                                                                                                                                                  | design_1_i/axi_gpio_18/U0/AXI_LITE_IPIF_I/I_SLAVE_ATTACHMENT/I_DECODER/bus2ip_rnw_i_reg_0                                                               |                2 |             16 |         8.00 |
|  design_1_i/processing_system7_0/inst/FCLK_CLK0 |                                                                                                                                                                  | design_1_i/axi_gpio_8/U0/AXI_LITE_IPIF_I/I_SLAVE_ATTACHMENT/I_DECODER/bus2ip_rnw_i_reg_0                                                                |                4 |             16 |         4.00 |
|  design_1_i/processing_system7_0/inst/FCLK_CLK0 |                                                                                                                                                                  | design_1_i/axi_gpio_17/U0/AXI_LITE_IPIF_I/I_SLAVE_ATTACHMENT/I_DECODER/bus2ip_rnw_i_reg_0                                                               |                3 |             16 |         5.33 |
|  design_1_i/processing_system7_0/inst/FCLK_CLK0 |                                                                                                                                                                  | design_1_i/axi_gpio_15/U0/AXI_LITE_IPIF_I/I_SLAVE_ATTACHMENT/I_DECODER/bus2ip_rnw_i_reg_0                                                               |                2 |             16 |         8.00 |
|  design_1_i/processing_system7_0/inst/FCLK_CLK0 |                                                                                                                                                                  | design_1_i/axi_gpio_10/U0/AXI_LITE_IPIF_I/I_SLAVE_ATTACHMENT/I_DECODER/bus2ip_rnw_i_reg_0                                                               |                3 |             16 |         5.33 |
|  design_1_i/processing_system7_0/inst/FCLK_CLK0 |                                                                                                                                                                  | design_1_i/axi_gpio_20/U0/AXI_LITE_IPIF_I/I_SLAVE_ATTACHMENT/I_DECODER/bus2ip_rnw_i_reg_0                                                               |                2 |             16 |         8.00 |
|  design_1_i/processing_system7_0/inst/FCLK_CLK0 |                                                                                                                                                                  | design_1_i/axi_gpio_1/U0/AXI_LITE_IPIF_I/I_SLAVE_ATTACHMENT/I_DECODER/bus2ip_rnw_i_reg_0                                                                |                4 |             16 |         4.00 |
|  design_1_i/processing_system7_0/inst/FCLK_CLK0 |                                                                                                                                                                  | design_1_i/axi_gpio_19/U0/AXI_LITE_IPIF_I/I_SLAVE_ATTACHMENT/I_DECODER/bus2ip_rnw_i_reg_0                                                               |                3 |             16 |         5.33 |
|  design_1_i/processing_system7_0/inst/FCLK_CLK0 |                                                                                                                                                                  | design_1_i/axi_gpio_9/U0/AXI_LITE_IPIF_I/I_SLAVE_ATTACHMENT/I_DECODER/bus2ip_rnw_i_reg_0                                                                |                3 |             16 |         5.33 |
|  design_1_i/processing_system7_0/inst/FCLK_CLK0 |                                                                                                                                                                  | design_1_i/axi_gpio_6/U0/AXI_LITE_IPIF_I/I_SLAVE_ATTACHMENT/I_DECODER/bus2ip_rnw_i_reg_0                                                                |                3 |             16 |         5.33 |
|  design_1_i/processing_system7_0/inst/FCLK_CLK0 |                                                                                                                                                                  | design_1_i/axi_interconnect_0/tier2_xbar_1/inst/gen_sasd.crossbar_sasd_0/addr_arbiter_inst/SR[0]                                                        |                9 |             17 |         1.89 |
|  design_1_i/processing_system7_0/inst/FCLK_CLK0 |                                                                                                                                                                  | design_1_i/axi_interconnect_0/tier2_xbar_0/inst/gen_sasd.crossbar_sasd_0/addr_arbiter_inst/SR[0]                                                        |                7 |             17 |         2.43 |
|  design_1_i/processing_system7_0/inst/FCLK_CLK0 |                                                                                                                                                                  | design_1_i/axi_interconnect_0/tier2_xbar_2/inst/gen_sasd.crossbar_sasd_0/addr_arbiter_inst/SR[0]                                                        |                8 |             18 |         2.25 |
|  design_1_i/processing_system7_0/inst/FCLK_CLK0 | design_1_i/axi_interconnect_0/tier2_xbar_3/inst/gen_sasd.crossbar_sasd_0/addr_arbiter_inst/p_0_in1_in                                                            | design_1_i/axi_interconnect_0/tier2_xbar_3/inst/gen_sasd.crossbar_sasd_0/addr_arbiter_inst/SR[0]                                                        |                4 |             19 |         4.75 |
|  design_1_i/processing_system7_0/inst/FCLK_CLK0 | design_1_i/axi_interconnect_0/tier2_xbar_1/inst/gen_sasd.crossbar_sasd_0/addr_arbiter_inst/p_0_in1_in                                                            | design_1_i/axi_interconnect_0/tier2_xbar_1/inst/gen_sasd.crossbar_sasd_0/addr_arbiter_inst/SR[0]                                                        |                5 |             19 |         3.80 |
|  design_1_i/processing_system7_0/inst/FCLK_CLK0 | design_1_i/axi_interconnect_0/tier2_xbar_2/inst/gen_sasd.crossbar_sasd_0/addr_arbiter_inst/p_0_in1_in                                                            | design_1_i/axi_interconnect_0/tier2_xbar_2/inst/gen_sasd.crossbar_sasd_0/addr_arbiter_inst/SR[0]                                                        |                4 |             19 |         4.75 |
|  design_1_i/processing_system7_0/inst/FCLK_CLK0 | design_1_i/axi_interconnect_0/tier2_xbar_0/inst/gen_sasd.crossbar_sasd_0/addr_arbiter_inst/p_0_in1_in                                                            | design_1_i/axi_interconnect_0/tier2_xbar_0/inst/gen_sasd.crossbar_sasd_0/addr_arbiter_inst/SR[0]                                                        |                3 |             19 |         6.33 |
|  design_1_i/processing_system7_0/inst/FCLK_CLK0 | design_1_i/axi_interconnect_0/xbar/inst/gen_sasd.crossbar_sasd_0/addr_arbiter_inst/p_0_in1_in                                                                    | design_1_i/axi_interconnect_0/xbar/inst/gen_sasd.crossbar_sasd_0/addr_arbiter_inst/SR[0]                                                                |                5 |             19 |         3.80 |
|  design_1_i/processing_system7_0/inst/FCLK_CLK0 |                                                                                                                                                                  | design_1_i/axi_gpio_0/U0/AXI_LITE_IPIF_I/I_SLAVE_ATTACHMENT/SS[0]                                                                                       |                5 |             20 |         4.00 |
|  design_1_i/processing_system7_0/inst/FCLK_CLK0 | design_1_i/axi_interconnect_0/s00_couplers/auto_pc/inst/gen_axilite.gen_b2s_conv.axilite_b2s/RD.ar_channel_0/ar_cmd_fsm_0/m_axi_arready_2                        |                                                                                                                                                         |                8 |             21 |         2.62 |
|  design_1_i/processing_system7_0/inst/FCLK_CLK0 |                                                                                                                                                                  | design_1_i/axi_gpio_22/U0/AXI_LITE_IPIF_I/I_SLAVE_ATTACHMENT/SR[0]                                                                                      |                7 |             24 |         3.43 |
|  design_1_i/processing_system7_0/inst/FCLK_CLK0 |                                                                                                                                                                  | design_1_i/axi_gpio_21/U0/AXI_LITE_IPIF_I/I_SLAVE_ATTACHMENT/SR[0]                                                                                      |                7 |             24 |         3.43 |
|  design_1_i/processing_system7_0/inst/FCLK_CLK0 |                                                                                                                                                                  | design_1_i/axi_gpio_9/U0/AXI_LITE_IPIF_I/I_SLAVE_ATTACHMENT/SR[0]                                                                                       |                8 |             24 |         3.00 |
|  design_1_i/processing_system7_0/inst/FCLK_CLK0 |                                                                                                                                                                  | design_1_i/axi_gpio_15/U0/AXI_LITE_IPIF_I/I_SLAVE_ATTACHMENT/SR[0]                                                                                      |                9 |             24 |         2.67 |
|  design_1_i/processing_system7_0/inst/FCLK_CLK0 |                                                                                                                                                                  | design_1_i/axi_gpio_14/U0/AXI_LITE_IPIF_I/I_SLAVE_ATTACHMENT/SR[0]                                                                                      |                8 |             24 |         3.00 |
|  design_1_i/processing_system7_0/inst/FCLK_CLK0 |                                                                                                                                                                  | design_1_i/axi_gpio_17/U0/AXI_LITE_IPIF_I/I_SLAVE_ATTACHMENT/SR[0]                                                                                      |                8 |             24 |         3.00 |
|  design_1_i/processing_system7_0/inst/FCLK_CLK0 |                                                                                                                                                                  | design_1_i/axi_gpio_1/U0/AXI_LITE_IPIF_I/I_SLAVE_ATTACHMENT/SR[0]                                                                                       |                6 |             24 |         4.00 |
|  design_1_i/processing_system7_0/inst/FCLK_CLK0 | design_1_i/axi_interconnect_0/s00_couplers/auto_pc/inst/gen_axilite.gen_b2s_conv.axilite_b2s/WR.aw_channel_0/aw_cmd_fsm_0/FSM_sequential_state_reg[0]_1          |                                                                                                                                                         |                9 |             24 |         2.67 |
|  design_1_i/processing_system7_0/inst/FCLK_CLK0 |                                                                                                                                                                  | design_1_i/axi_gpio_11/U0/AXI_LITE_IPIF_I/I_SLAVE_ATTACHMENT/SR[0]                                                                                      |                9 |             24 |         2.67 |
|  design_1_i/processing_system7_0/inst/FCLK_CLK0 |                                                                                                                                                                  | design_1_i/axi_gpio_18/U0/AXI_LITE_IPIF_I/I_SLAVE_ATTACHMENT/SR[0]                                                                                      |                9 |             24 |         2.67 |
|  design_1_i/processing_system7_0/inst/FCLK_CLK0 |                                                                                                                                                                  | design_1_i/axi_gpio_7/U0/AXI_LITE_IPIF_I/I_SLAVE_ATTACHMENT/SR[0]                                                                                       |                7 |             24 |         3.43 |
|  design_1_i/processing_system7_0/inst/FCLK_CLK0 |                                                                                                                                                                  | design_1_i/axi_gpio_3/U0/AXI_LITE_IPIF_I/I_SLAVE_ATTACHMENT/SR[0]                                                                                       |                7 |             24 |         3.43 |
|  design_1_i/processing_system7_0/inst/FCLK_CLK0 |                                                                                                                                                                  | design_1_i/axi_gpio_19/U0/AXI_LITE_IPIF_I/I_SLAVE_ATTACHMENT/SR[0]                                                                                      |                7 |             24 |         3.43 |
|  design_1_i/processing_system7_0/inst/FCLK_CLK0 |                                                                                                                                                                  | design_1_i/axi_gpio_8/U0/AXI_LITE_IPIF_I/I_SLAVE_ATTACHMENT/SR[0]                                                                                       |                7 |             24 |         3.43 |
|  design_1_i/processing_system7_0/inst/FCLK_CLK0 |                                                                                                                                                                  | design_1_i/axi_gpio_12/U0/AXI_LITE_IPIF_I/I_SLAVE_ATTACHMENT/SR[0]                                                                                      |                8 |             24 |         3.00 |
|  design_1_i/processing_system7_0/inst/FCLK_CLK0 |                                                                                                                                                                  | design_1_i/axi_gpio_13/U0/AXI_LITE_IPIF_I/I_SLAVE_ATTACHMENT/SR[0]                                                                                      |                8 |             24 |         3.00 |
|  design_1_i/processing_system7_0/inst/FCLK_CLK0 |                                                                                                                                                                  | design_1_i/axi_gpio_10/U0/AXI_LITE_IPIF_I/I_SLAVE_ATTACHMENT/SR[0]                                                                                      |                8 |             24 |         3.00 |
|  design_1_i/processing_system7_0/inst/FCLK_CLK0 |                                                                                                                                                                  | design_1_i/axi_gpio_6/U0/AXI_LITE_IPIF_I/I_SLAVE_ATTACHMENT/SR[0]                                                                                       |                8 |             24 |         3.00 |
|  design_1_i/processing_system7_0/inst/FCLK_CLK0 |                                                                                                                                                                  | design_1_i/axi_gpio_5/U0/AXI_LITE_IPIF_I/I_SLAVE_ATTACHMENT/SR[0]                                                                                       |                8 |             24 |         3.00 |
|  design_1_i/processing_system7_0/inst/FCLK_CLK0 |                                                                                                                                                                  | design_1_i/axi_gpio_16/U0/AXI_LITE_IPIF_I/I_SLAVE_ATTACHMENT/SR[0]                                                                                      |                7 |             24 |         3.43 |
|  design_1_i/processing_system7_0/inst/FCLK_CLK0 |                                                                                                                                                                  | design_1_i/axi_gpio_2/U0/AXI_LITE_IPIF_I/I_SLAVE_ATTACHMENT/SR[0]                                                                                       |                6 |             24 |         4.00 |
|  design_1_i/processing_system7_0/inst/FCLK_CLK0 |                                                                                                                                                                  | design_1_i/axi_gpio_20/U0/AXI_LITE_IPIF_I/I_SLAVE_ATTACHMENT/SR[0]                                                                                      |                7 |             24 |         3.43 |
|  design_1_i/processing_system7_0/inst/FCLK_CLK0 |                                                                                                                                                                  | design_1_i/axi_gpio_4/U0/AXI_LITE_IPIF_I/I_SLAVE_ATTACHMENT/SR[0]                                                                                       |                8 |             24 |         3.00 |
|  design_1_i/processing_system7_0/inst/FCLK_CLK0 |                                                                                                                                                                  | design_1_i/axi_gpio_24/U0/AXI_LITE_IPIF_I/I_SLAVE_ATTACHMENT/SR[0]                                                                                      |                8 |             24 |         3.00 |
|  design_1_i/processing_system7_0/inst/FCLK_CLK0 |                                                                                                                                                                  | design_1_i/axi_gpio_23/U0/AXI_LITE_IPIF_I/I_SLAVE_ATTACHMENT/SR[0]                                                                                      |                7 |             24 |         3.43 |
|  design_1_i/processing_system7_0/inst/FCLK_CLK0 | design_1_i/IR_transmission_23/inst/shift_reg[31]_i_1_n_0                                                                                                         |                                                                                                                                                         |                4 |             31 |         7.75 |
|  design_1_i/processing_system7_0/inst/FCLK_CLK0 | design_1_i/IR_transmission_20/inst/counter[30]_i_2_n_0                                                                                                           | design_1_i/IR_transmission_20/inst/counter0                                                                                                             |               14 |             31 |         2.21 |
|  design_1_i/processing_system7_0/inst/FCLK_CLK0 | design_1_i/IR_transmission_2/inst/shift_reg[31]_i_1_n_0                                                                                                          |                                                                                                                                                         |                5 |             31 |         6.20 |
|  design_1_i/processing_system7_0/inst/FCLK_CLK0 | design_1_i/IR_transmission_19/inst/shift_reg[31]_i_1_n_0                                                                                                         |                                                                                                                                                         |                4 |             31 |         7.75 |
|  design_1_i/processing_system7_0/inst/FCLK_CLK0 | design_1_i/IR_transmission_5/inst/shift_reg[31]_i_1_n_0                                                                                                          |                                                                                                                                                         |                5 |             31 |         6.20 |
|  design_1_i/processing_system7_0/inst/FCLK_CLK0 | design_1_i/IR_transmission_5/inst/counter[30]_i_2_n_0                                                                                                            | design_1_i/IR_transmission_5/inst/counter0                                                                                                              |               16 |             31 |         1.94 |
|  design_1_i/processing_system7_0/inst/FCLK_CLK0 | design_1_i/IR_transmission_19/inst/counter[30]_i_2_n_0                                                                                                           | design_1_i/IR_transmission_19/inst/counter0                                                                                                             |               11 |             31 |         2.82 |
|  design_1_i/processing_system7_0/inst/FCLK_CLK0 | design_1_i/IR_transmission_4/inst/shift_reg[31]_i_1_n_0                                                                                                          |                                                                                                                                                         |                5 |             31 |         6.20 |
|  design_1_i/processing_system7_0/inst/FCLK_CLK0 | design_1_i/IR_transmission_2/inst/counter[30]_i_2_n_0                                                                                                            | design_1_i/IR_transmission_2/inst/counter0                                                                                                              |               13 |             31 |         2.38 |
|  design_1_i/processing_system7_0/inst/FCLK_CLK0 | design_1_i/IR_transmission_18/inst/counter[30]_i_2_n_0                                                                                                           | design_1_i/IR_transmission_18/inst/counter0                                                                                                             |               13 |             31 |         2.38 |
|  design_1_i/processing_system7_0/inst/FCLK_CLK0 | design_1_i/IR_transmission_21/inst/shift_reg[31]_i_1_n_0                                                                                                         |                                                                                                                                                         |                5 |             31 |         6.20 |
|  design_1_i/processing_system7_0/inst/FCLK_CLK0 | design_1_i/IR_transmission_21/inst/counter[30]_i_2_n_0                                                                                                           | design_1_i/IR_transmission_21/inst/counter0                                                                                                             |               14 |             31 |         2.21 |
|  design_1_i/processing_system7_0/inst/FCLK_CLK0 | design_1_i/IR_transmission_24/inst/counter[30]_i_2_n_0                                                                                                           | design_1_i/IR_transmission_24/inst/counter0                                                                                                             |               11 |             31 |         2.82 |
|  design_1_i/processing_system7_0/inst/FCLK_CLK0 | design_1_i/IR_transmission_22/inst/shift_reg[31]_i_1_n_0                                                                                                         |                                                                                                                                                         |                5 |             31 |         6.20 |
|  design_1_i/processing_system7_0/inst/FCLK_CLK0 | design_1_i/IR_transmission_22/inst/counter[30]_i_2_n_0                                                                                                           | design_1_i/IR_transmission_22/inst/counter0                                                                                                             |               11 |             31 |         2.82 |
|  design_1_i/processing_system7_0/inst/FCLK_CLK0 | design_1_i/IR_transmission_16/inst/shift_reg[31]_i_1_n_0                                                                                                         |                                                                                                                                                         |                5 |             31 |         6.20 |
|  design_1_i/processing_system7_0/inst/FCLK_CLK0 | design_1_i/IR_transmission_18/inst/shift_reg[31]_i_1_n_0                                                                                                         |                                                                                                                                                         |                5 |             31 |         6.20 |
|  design_1_i/processing_system7_0/inst/FCLK_CLK0 | design_1_i/IR_transmission_4/inst/counter[30]_i_2_n_0                                                                                                            | design_1_i/IR_transmission_4/inst/counter0                                                                                                              |               12 |             31 |         2.58 |
|  design_1_i/processing_system7_0/inst/FCLK_CLK0 | design_1_i/IR_transmission_6/inst/shift_reg[31]_i_1_n_0                                                                                                          |                                                                                                                                                         |                4 |             31 |         7.75 |
|  design_1_i/processing_system7_0/inst/FCLK_CLK0 | design_1_i/IR_transmission_9/inst/shift_reg[31]_i_1_n_0                                                                                                          |                                                                                                                                                         |                4 |             31 |         7.75 |
|  design_1_i/processing_system7_0/inst/FCLK_CLK0 | design_1_i/IR_transmission_8/inst/shift_reg[31]_i_1_n_0                                                                                                          |                                                                                                                                                         |                4 |             31 |         7.75 |
|  design_1_i/processing_system7_0/inst/FCLK_CLK0 | design_1_i/IR_transmission_7/inst/shift_reg[31]_i_1_n_0                                                                                                          |                                                                                                                                                         |                4 |             31 |         7.75 |
|  design_1_i/processing_system7_0/inst/FCLK_CLK0 | design_1_i/IR_transmission_12/inst/counter[30]_i_2_n_0                                                                                                           | design_1_i/IR_transmission_12/inst/counter0                                                                                                             |               14 |             31 |         2.21 |
|  design_1_i/processing_system7_0/inst/FCLK_CLK0 | design_1_i/IR_transmission_7/inst/counter[30]_i_2_n_0                                                                                                            | design_1_i/IR_transmission_7/inst/counter0                                                                                                              |               11 |             31 |         2.82 |
|  design_1_i/processing_system7_0/inst/FCLK_CLK0 | design_1_i/IR_transmission_15/inst/shift_reg[31]_i_1_n_0                                                                                                         |                                                                                                                                                         |                6 |             31 |         5.17 |
|  design_1_i/processing_system7_0/inst/FCLK_CLK0 | design_1_i/IR_transmission_12/inst/shift_reg[31]_i_1_n_0                                                                                                         |                                                                                                                                                         |                4 |             31 |         7.75 |
|  design_1_i/processing_system7_0/inst/FCLK_CLK0 | design_1_i/IR_transmission_13/inst/counter[30]_i_2_n_0                                                                                                           | design_1_i/IR_transmission_13/inst/counter0                                                                                                             |               12 |             31 |         2.58 |
|  design_1_i/processing_system7_0/inst/FCLK_CLK0 | design_1_i/IR_transmission_10/inst/shift_reg[31]_i_1_n_0                                                                                                         |                                                                                                                                                         |                5 |             31 |         6.20 |
|  design_1_i/processing_system7_0/inst/FCLK_CLK0 | design_1_i/IR_transmission_10/inst/counter[30]_i_2_n_0                                                                                                           | design_1_i/IR_transmission_10/inst/counter0                                                                                                             |               14 |             31 |         2.21 |
|  design_1_i/processing_system7_0/inst/FCLK_CLK0 | design_1_i/IR_transmission_15/inst/counter[30]_i_2_n_0                                                                                                           | design_1_i/IR_transmission_15/inst/counter0                                                                                                             |               12 |             31 |         2.58 |
|  design_1_i/processing_system7_0/inst/FCLK_CLK0 | design_1_i/IR_transmission_14/inst/shift_reg[31]_i_1_n_0                                                                                                         |                                                                                                                                                         |                5 |             31 |         6.20 |
|  design_1_i/processing_system7_0/inst/FCLK_CLK0 | design_1_i/IR_transmission_14/inst/counter[30]_i_2_n_0                                                                                                           | design_1_i/IR_transmission_14/inst/counter0                                                                                                             |               17 |             31 |         1.82 |
|  design_1_i/processing_system7_0/inst/FCLK_CLK0 | design_1_i/IR_transmission_8/inst/counter[30]_i_2_n_0                                                                                                            | design_1_i/IR_transmission_8/inst/counter0                                                                                                              |               11 |             31 |         2.82 |
|  design_1_i/processing_system7_0/inst/FCLK_CLK0 | design_1_i/IR_transmission_13/inst/shift_reg[31]_i_1_n_0                                                                                                         |                                                                                                                                                         |                5 |             31 |         6.20 |
|  design_1_i/processing_system7_0/inst/FCLK_CLK0 | design_1_i/IR_transmission_6/inst/counter[30]_i_2_n_0                                                                                                            | design_1_i/IR_transmission_6/inst/counter0                                                                                                              |               14 |             31 |         2.21 |
|  design_1_i/processing_system7_0/inst/FCLK_CLK0 | design_1_i/IR_transmission_1/inst/counter[30]_i_2_n_0                                                                                                            | design_1_i/IR_transmission_1/inst/counter0                                                                                                              |               11 |             31 |         2.82 |
|  design_1_i/processing_system7_0/inst/FCLK_CLK0 | design_1_i/IR_transmission_1/inst/shift_reg[31]_i_1_n_0                                                                                                          |                                                                                                                                                         |                4 |             31 |         7.75 |
|  design_1_i/processing_system7_0/inst/FCLK_CLK0 | design_1_i/IR_transmission_17/inst/counter[30]_i_2_n_0                                                                                                           | design_1_i/IR_transmission_17/inst/counter0                                                                                                             |               10 |             31 |         3.10 |
|  design_1_i/processing_system7_0/inst/FCLK_CLK0 | design_1_i/IR_transmission_16/inst/counter[30]_i_2_n_0                                                                                                           | design_1_i/IR_transmission_16/inst/counter0                                                                                                             |               14 |             31 |         2.21 |
|  design_1_i/processing_system7_0/inst/FCLK_CLK0 | design_1_i/IR_transmission_17/inst/shift_reg[31]_i_1_n_0                                                                                                         |                                                                                                                                                         |                5 |             31 |         6.20 |
|  design_1_i/processing_system7_0/inst/FCLK_CLK0 | design_1_i/IR_transmission_20/inst/shift_reg[31]_i_1_n_0                                                                                                         |                                                                                                                                                         |                4 |             31 |         7.75 |
|  design_1_i/processing_system7_0/inst/FCLK_CLK0 | design_1_i/IR_transmission_24/inst/shift_reg[31]_i_1_n_0                                                                                                         |                                                                                                                                                         |                4 |             31 |         7.75 |
|  design_1_i/processing_system7_0/inst/FCLK_CLK0 | design_1_i/IR_transmission_23/inst/counter[30]_i_2_n_0                                                                                                           | design_1_i/IR_transmission_23/inst/counter0                                                                                                             |               16 |             31 |         1.94 |
|  design_1_i/processing_system7_0/inst/FCLK_CLK0 | design_1_i/IR_transmission_3/inst/shift_reg[31]_i_1_n_0                                                                                                          |                                                                                                                                                         |                5 |             31 |         6.20 |
|  design_1_i/processing_system7_0/inst/FCLK_CLK0 | design_1_i/IR_transmission_11/inst/counter[30]_i_2_n_0                                                                                                           | design_1_i/IR_transmission_11/inst/counter0                                                                                                             |               13 |             31 |         2.38 |
|  design_1_i/processing_system7_0/inst/FCLK_CLK0 | design_1_i/IR_transmission_11/inst/shift_reg[31]_i_1_n_0                                                                                                         |                                                                                                                                                         |                4 |             31 |         7.75 |
|  design_1_i/processing_system7_0/inst/FCLK_CLK0 | design_1_i/IR_transmission_3/inst/counter[30]_i_2_n_0                                                                                                            | design_1_i/IR_transmission_3/inst/counter0                                                                                                              |               14 |             31 |         2.21 |
|  design_1_i/processing_system7_0/inst/FCLK_CLK0 | design_1_i/IR_transmission_9/inst/counter[30]_i_2_n_0                                                                                                            | design_1_i/IR_transmission_9/inst/counter0                                                                                                              |               11 |             31 |         2.82 |
|  design_1_i/processing_system7_0/inst/FCLK_CLK0 | design_1_i/axi_interconnect_0/s00_couplers/auto_pc/inst/gen_axilite.gen_b2s_conv.axilite_b2s/RD.r_channel_0/rd_data_fifo_0/wr_en0                                |                                                                                                                                                         |                9 |             34 |         3.78 |
|  design_1_i/processing_system7_0/inst/FCLK_CLK0 | design_1_i/axi_interconnect_0/tier2_xbar_2/inst/gen_sasd.crossbar_sasd_0/reg_slice_r/aa_rready                                                                   |                                                                                                                                                         |               12 |             34 |         2.83 |
|  design_1_i/processing_system7_0/inst/FCLK_CLK0 | design_1_i/axi_interconnect_0/tier2_xbar_3/inst/gen_sasd.crossbar_sasd_0/addr_arbiter_inst/E[0]                                                                  |                                                                                                                                                         |               11 |             35 |         3.18 |
|  design_1_i/processing_system7_0/inst/FCLK_CLK0 | design_1_i/axi_interconnect_0/tier2_xbar_1/inst/gen_sasd.crossbar_sasd_0/addr_arbiter_inst/E[0]                                                                  |                                                                                                                                                         |               10 |             35 |         3.50 |
|  design_1_i/processing_system7_0/inst/FCLK_CLK0 | design_1_i/axi_interconnect_0/tier2_xbar_2/inst/gen_sasd.crossbar_sasd_0/addr_arbiter_inst/E[0]                                                                  |                                                                                                                                                         |               13 |             35 |         2.69 |
|  design_1_i/processing_system7_0/inst/FCLK_CLK0 | design_1_i/axi_interconnect_0/xbar/inst/gen_sasd.crossbar_sasd_0/addr_arbiter_inst/E[0]                                                                          |                                                                                                                                                         |                8 |             35 |         4.38 |
|  design_1_i/processing_system7_0/inst/FCLK_CLK0 | design_1_i/axi_interconnect_0/tier2_xbar_0/inst/gen_sasd.crossbar_sasd_0/addr_arbiter_inst/E[0]                                                                  |                                                                                                                                                         |                8 |             35 |         4.38 |
|  design_1_i/processing_system7_0/inst/FCLK_CLK0 | design_1_i/axi_interconnect_0/s00_couplers/auto_pc/inst/gen_axilite.gen_b2s_conv.axilite_b2s/SI_REG/r.r_pipe/s_ready_i_reg_0                                     |                                                                                                                                                         |               10 |             47 |         4.70 |
|  design_1_i/processing_system7_0/inst/FCLK_CLK0 | design_1_i/axi_interconnect_0/s00_couplers/auto_pc/inst/gen_axilite.gen_b2s_conv.axilite_b2s/SI_REG/r.r_pipe/p_1_in                                              |                                                                                                                                                         |                8 |             47 |         5.88 |
|  design_1_i/processing_system7_0/inst/FCLK_CLK0 | design_1_i/axi_interconnect_0/s00_couplers/auto_pc/inst/gen_axilite.gen_b2s_conv.axilite_b2s/WR.aw_channel_0/aw_cmd_fsm_0/E[0]                                   |                                                                                                                                                         |               10 |             48 |         4.80 |
|  design_1_i/processing_system7_0/inst/FCLK_CLK0 | design_1_i/axi_interconnect_0/s00_couplers/auto_pc/inst/gen_axilite.gen_b2s_conv.axilite_b2s/SI_REG/ar.ar_pipe/s_ready_i_reg_0                                   |                                                                                                                                                         |               10 |             48 |         4.80 |
|  design_1_i/processing_system7_0/inst/FCLK_CLK0 | design_1_i/axi_interconnect_0/s00_couplers/auto_pc/inst/gen_axilite.gen_b2s_conv.axilite_b2s/SI_REG/aw.aw_pipe/s_ready_i_reg_0                                   |                                                                                                                                                         |               11 |             48 |         4.36 |
|  design_1_i/processing_system7_0/inst/FCLK_CLK0 | design_1_i/axi_interconnect_0/s00_couplers/auto_pc/inst/gen_axilite.gen_b2s_conv.axilite_b2s/RD.ar_channel_0/ar_cmd_fsm_0/m_valid_i_reg[0]                       |                                                                                                                                                         |                9 |             48 |         5.33 |
|  design_1_i/processing_system7_0/inst/FCLK_CLK0 |                                                                                                                                                                  |                                                                                                                                                         |              275 |            548 |         1.99 |
+-------------------------------------------------+------------------------------------------------------------------------------------------------------------------------------------------------------------------+---------------------------------------------------------------------------------------------------------------------------------------------------------+------------------+----------------+--------------+


